mutant,esm2_score
M1A,-2.441850185394287
M1C,-4.020284652709961
M1D,-2.201972723007202
M1E,-1.6404403448104858
M1F,-3.3823466300964355
M1G,-2.9149909019470215
M1H,-3.220625400543213
M1I,-1.734790325164795
M1K,-2.5322320461273193
M1L,-2.0420660972595215
M1N,-3.2041122913360596
M1P,-3.0458779335021973
M1Q,-3.9063913822174072
M1R,-2.78584885597229
M1S,-1.7880710363388062
M1T,-2.4433507919311523
M1V,-1.657366156578064
M1W,-4.470101356506348
M1Y,-3.1471667289733887
R2A,-0.36508190631866455
R2C,-0.9119594097137451
R2D,-0.738670825958252
R2E,-0.3132997751235962
R2F,-0.5002055168151855
R2G,0.13171535730361938
R2H,-1.1553428173065186
R2I,-0.2551083564758301
R2K,-0.20614439249038696
R2L,0.3428123891353607
R2M,7.3306803703308105
R2N,-0.7807077169418335
R2P,-0.6177840232849121
R2Q,-0.5584419965744019
R2S,-0.11611592769622803
R2T,-0.2923750877380371
R2V,0.06741827726364136
R2W,-0.7996653318405151
R2Y,-0.7178059816360474
W3A,1.136925458908081
W3C,0.30689120292663574
W3D,0.7503790259361267
W3E,1.038275957107544
W3F,0.8764628767967224
W3G,1.1338953971862793
W3H,0.2893357276916504
W3I,1.1922857761383057
W3K,1.2656240463256836
W3L,1.6148689985275269
W3M,0.1380232572555542
W3N,0.8471112251281738
W3P,0.7848693132400513
W3Q,0.680680513381958
W3R,4.513728141784668
W3S,1.4780187606811523
W3T,1.1221821308135986
W3V,1.209663987159729
W3Y,0.36773502826690674
Q4A,-0.13710984587669373
Q4C,-0.5973199605941772
Q4D,-0.3118875324726105
Q4E,0.14717021584510803
Q4F,0.05116090178489685
Q4G,-0.0067532360553741455
Q4H,-0.5161570310592651
Q4I,0.4494894742965698
Q4K,0.6856590509414673
Q4L,0.880492091178894
Q4M,-0.4625934064388275
Q4N,0.21785099804401398
Q4P,-0.24752399325370789
Q4R,0.54512619972229
Q4S,0.5363698601722717
Q4T,0.1936074197292328
Q4V,0.18302349746227264
Q4W,2.5534274578094482
Q4Y,-0.33008071780204773
E5A,-0.3105054795742035
E5C,-0.9765818119049072
E5D,-0.605475902557373
E5F,-0.4634256064891815
E5G,-0.10902035236358643
E5H,-1.0095040798187256
E5I,0.06552501022815704
E5K,0.4787950813770294
E5L,0.6133408546447754
E5M,-0.31892693042755127
E5N,-0.2424604594707489
E5P,-0.4317024052143097
E5Q,3.007188558578491
E5R,0.5711737275123596
E5S,0.24502751231193542
E5T,-0.00070972740650177
E5V,-0.039727404713630676
E5W,-0.8615037202835083
E5Y,-0.7869099378585815
M6A,0.44935429096221924
M6C,-0.09170210361480713
M6D,0.012140035629272461
M6E,3.817995071411133
M6F,0.27609580755233765
M6G,0.6887961626052856
M6H,-0.04607439041137695
M6I,0.8105535507202148
M6K,0.9563218355178833
M6L,1.2488479614257812
M6N,0.53291916847229
M6P,0.3087286353111267
M6Q,0.4142109751701355
M6R,0.9789316654205322
M6S,0.962598443031311
M6T,0.6220958232879639
M6V,0.6413404941558838
M6W,-0.2708827257156372
M6Y,-0.01742541790008545
G7A,-0.21083706617355347
G7C,-0.9576050043106079
G7D,-0.5342157483100891
G7E,-0.04658594727516174
G7F,-0.3704356551170349
G7H,-0.8102977275848389
G7I,0.10326023399829865
G7K,0.3510895371437073
G7L,0.5351829528808594
G7M,2.609767198562622
G7N,-0.10058027505874634
G7P,-0.5356006026268005
G7Q,-0.30639079213142395
G7R,0.2413085401058197
G7S,0.19274954497814178
G7T,0.03932947665452957
G7V,-0.09519657492637634
G7W,-1.3255693912506104
G7Y,-0.7108558416366577
Y8A,0.4625152349472046
Y8C,-0.09590697288513184
Y8D,0.17693698406219482
Y8E,0.4017164707183838
Y8F,0.4844760298728943
Y8G,3.980062246322632
Y8H,-0.09519791603088379
Y8I,0.8202493190765381
Y8K,0.8020427227020264
Y8L,1.2234439849853516
Y8M,-0.32668280601501465
Y8N,0.48374414443969727
Y8P,0.26518088579177856
Y8Q,0.24144893884658813
Y8R,0.8013618588447571
Y8S,0.9184166193008423
Y8T,0.4701046943664551
Y8V,0.6802793741226196
Y8W,-0.6924299001693726
I9A,-0.21887779235839844
I9C,-0.6261700391769409
I9D,-0.6247222423553467
I9E,-0.20379924774169922
I9F,-0.07534569501876831
I9G,0.04539787024259567
I9H,-0.8386675715446472
I9K,0.09341005980968475
I9L,0.6746266484260559
I9M,-0.7217791676521301
I9N,-0.27383825182914734
I9P,-0.43233877420425415
I9Q,-0.35940414667129517
I9R,0.3051868677139282
I9S,0.49573829770088196
I9T,-0.057155877351760864
I9V,-0.08322447538375854
I9W,-0.784707248210907
I9Y,2.73850679397583
F10A,-0.3667619526386261
F10C,-0.3762430250644684
F10D,-0.5928748846054077
F10E,-0.5919163227081299
F10G,0.10701622068881989
F10H,-0.5583709478378296
F10I,3.3749639987945557
F10K,-0.31779244542121887
F10L,0.5653122067451477
F10M,-1.2052959203720093
F10N,-0.3840714395046234
F10P,-0.2507369816303253
F10Q,-0.4745554029941559
F10R,0.1728869527578354
F10S,0.45887860655784607
F10T,-0.20825394988059998
F10V,-0.13118842244148254
F10W,-0.9728775024414062
F10Y,-0.43701520562171936
Y11A,0.14379334449768066
Y11C,-0.10015243291854858
Y11D,-0.0697360634803772
Y11E,-0.005830287933349609
Y11F,3.702442169189453
Y11G,0.44701331853866577
Y11H,-0.11983358860015869
Y11I,0.48961982131004333
Y11K,0.3868635892868042
Y11L,0.9970983862876892
Y11M,-0.7266029119491577
Y11N,0.16610857844352722
Y11P,0.33243483304977417
Y11Q,0.06031036376953125
Y11R,0.7016098499298096
Y11S,0.9244436025619507
Y11T,0.35030168294906616
Y11V,0.2805197536945343
Y11W,-0.5345604419708252
P12A,-0.15836426615715027
P12C,-0.43504589796066284
P12D,-0.2751004099845886
P12E,-0.31977754831314087
P12F,0.12301313877105713
P12G,-0.008005917072296143
P12H,-0.45173633098602295
P12I,0.141017884016037
P12K,0.04491400718688965
P12L,0.9163081645965576
P12M,-0.6702311635017395
P12N,-0.2294216752052307
P12Q,-0.12305790185928345
P12R,0.2573569118976593
P12S,0.6321059465408325
P12T,0.013535737991333008
P12V,0.12994186580181122
P12W,-0.7968781590461731
P12Y,2.9880599975585938
R13A,-0.7112852931022644
R13C,-0.8825840353965759
R13D,-0.9884979724884033
R13E,-0.7003620266914368
R13F,-0.38313859701156616
R13G,-0.3384580612182617
R13H,-1.087137222290039
R13I,-0.22737519443035126
R13K,-0.24228952825069427
R13L,0.38921022415161133
R13M,-1.159629464149475
R13N,-0.7132931351661682
R13P,2.706773042678833
R13Q,-0.6358979344367981
R13S,0.13677392899990082
R13T,-0.37583231925964355
R13V,-0.5549968481063843
R13W,-1.146406888961792
R13Y,-0.8472526669502258
K14A,-0.5317380428314209
K14C,-0.9537898898124695
K14D,-0.94359290599823
K14E,-0.35106396675109863
K14F,-0.43523234128952026
K14G,-0.41540077328681946
K14H,-0.9965434074401855
K14I,-0.1747157722711563
K14L,0.4545946717262268
K14M,-0.9898480176925659
K14N,-0.5174407958984375
K14P,-0.4137062430381775
K14Q,-0.43302202224731445
K14R,3.3605213165283203
K14S,0.2011164277791977
K14T,-0.24636399745941162
K14V,-0.2895509600639343
K14W,-0.9989691972732544
K14Y,-0.7747457027435303
L15A,-0.9097290635108948
L15C,-1.2282021045684814
L15D,-1.1469812393188477
L15E,-0.9611729383468628
L15F,-0.7336438298225403
L15G,-0.7002260088920593
L15H,-1.2742500305175781
L15I,-0.5126768350601196
L15K,2.7812023162841797
L15M,-1.512961745262146
L15N,-0.8091294169425964
L15P,-0.958771824836731
L15Q,-1.074648380279541
L15R,-0.36309880018234253
L15S,-0.21275034546852112
L15T,-0.7130544185638428
L15V,-0.6837292909622192
L15W,-1.5534356832504272
L15Y,-1.0764672756195068
R16A,-0.8269258737564087
R16C,-1.3047642707824707
R16D,-1.3147809505462646
R16E,-0.7237563133239746
R16F,-1.0394319295883179
R16G,-0.5925498008728027
R16H,-1.3000177145004272
R16I,-0.538763165473938
R16K,-0.19242948293685913
R16L,3.3320260047912598
R16M,-1.2752095460891724
R16N,-0.7974650859832764
R16P,-0.8593664169311523
R16Q,-0.7483758926391602
R16S,-0.2206374555826187
R16T,-0.5821915864944458
R16V,-0.7757521867752075
R16W,-1.3574910163879395
R16Y,-1.133475422859192
