mutation,protssn_k10_h512,protssn_k10_h768,protssn_k10_h1280,protssn_k20_h512,protssn_k20_h768,protssn_k20_h1280,protssn_k30_h512,protssn_k30_h768,protssn_k30_h1280,protssn_score
M1A,-6.7157206535339355,-6.929317474365234,-7.838341236114502,-6.671485424041748,-5.69853401184082,-7.080967903137207,-8.384024620056152,-6.669933795928955,-7.200802803039551,227.0
M1C,-7.618884086608887,-7.906271457672119,-9.461851119995117,-10.253116607666016,-6.790650844573975,-9.528024673461914,-10.640127182006836,-8.124228477478027,-7.43161153793335,290.0
M1D,-9.721600532531738,-7.832312107086182,-8.35367488861084,-7.764359474182129,-6.092617034912109,-8.39709758758545,-8.34046745300293,-8.00654411315918,-8.608325004577637,277.0
M1E,-7.976184844970703,-7.541738986968994,-8.044418334960938,-7.777764320373535,-6.723767280578613,-8.23542594909668,-8.388792037963867,-8.305083274841309,-7.2322187423706055,269.0
M1F,-6.770907402038574,-7.796836853027344,-8.573330879211426,-7.328867435455322,-7.999388217926025,-7.4638352394104,-10.435681343078613,-8.51103401184082,-9.152997970581055,280.0
M1G,-6.646193027496338,-6.49090051651001,-6.920918941497803,-6.703194618225098,-5.478242874145508,-7.193802833557129,-7.476346015930176,-6.738019943237305,-7.900533199310303,215.0
M1H,-8.908382415771484,-8.622230529785156,-9.66923999786377,-8.195756912231445,-7.570105075836182,-8.404128074645996,-9.551801681518555,-8.298707008361816,-8.686161041259766,292.0
M1I,-7.244363307952881,-7.858753204345703,-8.838665008544922,-8.997858047485352,-8.577051162719727,-7.102884292602539,-9.329363822937012,-8.512320518493652,-8.329630851745605,284.0
M1K,-8.7453031539917,-6.8997602462768555,-8.267300605773926,-7.543529033660889,-6.7204365730285645,-7.801525592803955,-8.161870002746582,-9.548299789428711,-7.654847145080566,273.0
M1L,-7.19000768661499,-6.607750415802002,-7.983948230743408,-7.3908610343933105,-6.645439624786377,-6.623935222625732,-8.538461685180664,-7.772791862487793,-7.259313106536865,247.0
M1N,-8.990409851074219,-7.259232044219971,-8.6037015914917,-7.963850975036621,-5.729776859283447,-8.133316040039062,-8.711908340454102,-7.522485256195068,-7.204264163970947,268.0
M1P,-6.146145820617676,-6.668422222137451,-7.6902995109558105,-6.944879531860352,-5.8083109855651855,-7.6097412109375,-7.024029731750488,-8.226362228393555,-6.6343302726745605,223.0
M1Q,-8.11678695678711,-8.337650299072266,-8.508461952209473,-8.025123596191406,-7.251187801361084,-7.577142715454102,-7.972287178039551,-7.773759365081787,-7.706502437591553,271.0
M1R,-7.081941604614258,-6.576322555541992,-8.320295333862305,-7.373951435089111,-6.373950481414795,-7.528567314147949,-8.280741691589355,-8.165283203125,-7.249848365783691,250.0
M1S,-7.875515937805176,-7.105837345123291,-8.317044258117676,-7.2743730545043945,-5.987569808959961,-6.884621620178223,-7.377227306365967,-7.906108379364014,-6.962149143218994,245.0
M1T,-6.328329563140869,-6.540685653686523,-8.588968276977539,-7.164613723754883,-5.942574501037598,-6.683437824249268,-6.914254188537598,-7.820116996765137,-6.746889114379883,222.0
M1V,-7.053587913513184,-7.057917594909668,-8.435444831848145,-7.561534881591797,-7.152683258056641,-6.736083030700684,-7.998569965362549,-7.697107791900635,-8.089522361755371,257.0
M1W,-8.142330169677734,-8.309996604919434,-9.684571266174316,-7.935908317565918,-8.92620849609375,-7.99550724029541,-8.976587295532227,-8.79477596282959,-9.696730613708496,294.0
M1Y,-7.140125751495361,-7.146093368530273,-9.109127044677734,-8.26308822631836,-8.4274263381958,-9.318971633911133,-9.031795501708984,-8.05004596710205,-9.7060546875,287.0
R2A,-5.631684303283691,-6.279071807861328,-7.024745941162109,-6.333306312561035,-6.390501976013184,-6.016529083251953,-5.664307117462158,-6.167697906494141,-5.757336616516113,155.0
R2C,-6.892168998718262,-6.8835978507995605,-8.240522384643555,-8.440433502197266,-8.33212661743164,-7.561440467834473,-7.604430198669434,-7.742171287536621,-7.4464826583862305,266.0
R2D,-5.981043338775635,-5.833210468292236,-7.398415565490723,-6.82056188583374,-6.089985370635986,-6.3298845291137695,-5.949073791503906,-6.471332550048828,-5.817521095275879,173.0
R2E,-5.168885707855225,-5.400855541229248,-5.72285270690918,-5.638951301574707,-5.395294189453125,-5.275214195251465,-5.094720840454102,-5.485032558441162,-5.143846035003662,45.0
R2F,-6.066882610321045,-5.952337265014648,-7.109100818634033,-7.312617301940918,-7.018722057342529,-6.756258487701416,-6.573592185974121,-6.039276599884033,-6.606966495513916,199.0
R2G,-6.485705375671387,-6.939020156860352,-8.773837089538574,-8.05225658416748,-7.650112628936768,-7.550448417663574,-6.962472915649414,-7.039156913757324,-7.507988452911377,252.0
R2H,-6.505298137664795,-6.338827610015869,-7.113117694854736,-7.226660251617432,-7.164976596832275,-6.445916175842285,-6.673323631286621,-6.590662956237793,-6.841840744018555,209.0
R2I,-5.607382774353027,-5.333675861358643,-6.999320030212402,-6.287886142730713,-6.478846549987793,-5.105014324188232,-6.165609359741211,-5.493508338928223,-5.298966407775879,115.0
R2K,-5.4275689125061035,-5.543204307556152,-5.781932353973389,-4.993263244628906,-5.441730499267578,-5.298978805541992,-5.255329608917236,-5.345949649810791,-5.499880313873291,51.0
R2L,-5.826170921325684,-5.793250560760498,-6.628097057342529,-6.598101615905762,-6.233686923980713,-5.828423500061035,-5.976325035095215,-5.529398441314697,-6.158259391784668,144.0
R2M,-6.106339931488037,-6.430885314941406,-7.395291805267334,-7.632162094116211,-7.259435653686523,-6.651097774505615,-6.92421293258667,-5.98955774307251,-6.822569370269775,212.0
R2N,-5.674706935882568,-6.973517894744873,-6.873400688171387,-6.685280799865723,-6.3758463859558105,-6.442167282104492,-6.364617347717285,-6.690481662750244,-5.5989885330200195,183.0
R2P,-6.47666597366333,-9.48537826538086,-8.980741500854492,-8.853578567504883,-8.354401588439941,-6.149184703826904,-6.317368507385254,-7.828989028930664,-5.6625847816467285,260.0
R2Q,-6.065487384796143,-6.00548791885376,-6.075644493103027,-6.43065881729126,-5.998105525970459,-5.944118022918701,-6.064199447631836,-6.092499256134033,-5.6116228103637695,137.0
R2S,-5.066662788391113,-5.902342319488525,-7.21868896484375,-6.42903470993042,-5.662355899810791,-5.282062530517578,-5.727839469909668,-5.8130927085876465,-5.889683246612549,120.0
R2T,-5.229017734527588,-5.365115165710449,-5.94097900390625,-5.872805118560791,-5.881267547607422,-5.464695453643799,-5.52622127532959,-5.634100914001465,-5.35407018661499,74.0
R2V,-5.402603626251221,-5.468224048614502,-6.211467742919922,-5.5787858963012695,-6.21312952041626,-4.505680561065674,-5.774293899536133,-5.126270771026611,-5.438138484954834,65.0
R2W,-7.075675964355469,-6.921169757843018,-8.690483093261719,-7.935761451721191,-7.780349254608154,-7.5444793701171875,-7.445817470550537,-7.132533073425293,-6.885590076446533,255.0
R2Y,-7.304645538330078,-6.3807501792907715,-7.466394424438477,-7.466503620147705,-7.3715362548828125,-6.70055627822876,-7.057491302490234,-6.299264430999756,-6.650705337524414,221.0
W3A,-5.440821170806885,-6.082520008087158,-5.740847110748291,-7.002582550048828,-6.3836236000061035,-6.078667163848877,-5.588126182556152,-5.876308441162109,-7.018013000488281,153.0
W3C,-7.41895055770874,-6.831911563873291,-7.36033821105957,-10.20362663269043,-8.343913078308105,-8.69601821899414,-7.590559005737305,-7.7885565757751465,-7.9404072761535645,275.0
W3D,-6.267784118652344,-5.904845237731934,-6.175167560577393,-7.947452545166016,-7.258035659790039,-6.629073619842529,-6.032358169555664,-6.369072914123535,-5.992082118988037,189.0
W3E,-6.000672340393066,-5.2765984535217285,-5.016019344329834,-7.354367733001709,-5.961100101470947,-5.568838119506836,-5.23248291015625,-5.590636730194092,-5.974246025085449,105.0
W3F,-5.998065948486328,-5.726528167724609,-5.993326663970947,-6.783313274383545,-6.471949100494385,-7.19687557220459,-6.148675441741943,-5.998671531677246,-7.132530212402344,180.0
W3G,-6.80033016204834,-7.331543922424316,-7.486980438232422,-8.871334075927734,-7.58320951461792,-7.935579299926758,-6.846502780914307,-7.1056599617004395,-7.960114479064941,258.0
W3H,-7.025949001312256,-6.7032012939453125,-6.527004718780518,-8.440536499023438,-7.900948524475098,-6.959654331207275,-6.582839012145996,-6.770937919616699,-7.458189964294434,234.0
W3I,-5.256429195404053,-5.007248401641846,-5.410717487335205,-7.125565052032471,-6.262255668640137,-5.928221702575684,-5.508834362030029,-5.579358100891113,-5.887775421142578,103.0
W3K,-5.066153049468994,-4.971604824066162,-5.014668941497803,-6.200563430786133,-5.759305953979492,-5.319878578186035,-4.717244625091553,-5.340753078460693,-5.914095401763916,44.0
W3L,-5.771078586578369,-4.855123519897461,-4.766278266906738,-6.3578033447265625,-5.666686058044434,-5.907694339752197,-5.270923137664795,-5.584113121032715,-6.192409038543701,76.0
W3M,-6.272613525390625,-6.402334690093994,-6.011332035064697,-8.376260757446289,-6.920356750488281,-7.873018264770508,-6.764465808868408,-7.118293762207031,-7.74619722366333,229.0
W3N,-6.232638835906982,-5.97316837310791,-5.768075466156006,-7.621490955352783,-6.6994099617004395,-7.169121742248535,-6.475257396697998,-6.389405250549316,-6.522730827331543,193.0
W3P,-4.947461128234863,-6.649278163909912,-3.873495578765869,-5.687467575073242,-5.819399833679199,-4.699765682220459,-4.209025859832764,-5.572440147399902,-6.002433776855469,34.0
W3Q,-6.160820960998535,-5.935774326324463,-5.202869892120361,-7.101933479309082,-6.231710910797119,-5.856310844421387,-6.0646891593933105,-6.145228385925293,-6.409854888916016,152.0
W3R,-5.701908588409424,-5.266714096069336,-5.315019607543945,-7.050211429595947,-6.201585292816162,-6.2498602867126465,-5.438787460327148,-5.853665828704834,-6.576693058013916,126.0
W3S,-5.389825820922852,-6.185728073120117,-6.365647792816162,-7.615449905395508,-6.412152290344238,-5.792791843414307,-5.666917324066162,-5.820981025695801,-6.322474956512451,161.0
W3T,-5.949708938598633,-5.741988658905029,-6.159466743469238,-7.575457572937012,-6.347193717956543,-6.128896236419678,-5.855766296386719,-6.075622081756592,-6.223676681518555,166.0
W3V,-5.490541458129883,-5.382382392883301,-5.172024250030518,-6.68350076675415,-6.822818279266357,-5.3821702003479,-5.727601528167725,-5.17574405670166,-6.122966289520264,102.0
W3Y,-7.192760467529297,-6.140295028686523,-6.225722789764404,-7.888331890106201,-7.286466121673584,-6.813116550445557,-6.958909511566162,-7.041290760040283,-7.35393762588501,225.0
Q4A,-5.5517497062683105,-7.0612030029296875,-6.537153720855713,-6.225491046905518,-6.365447998046875,-6.445178985595703,-5.537214279174805,-5.84564733505249,-6.033505916595459,162.0
Q4C,-6.676845550537109,-7.775517463684082,-7.092339515686035,-8.028142929077148,-8.204483032226562,-8.543204307556152,-8.144543647766113,-7.39000129699707,-7.307647228240967,267.0
Q4D,-5.770334720611572,-6.188015460968018,-5.842464447021484,-6.284727573394775,-6.192367076873779,-5.987616539001465,-6.036525249481201,-6.055604934692383,-6.077483654022217,141.0
Q4E,-5.324789047241211,-5.811600685119629,-5.256224632263184,-5.831042289733887,-5.567329406738281,-5.4527082443237305,-5.734410285949707,-5.942159175872803,-5.125824928283691,69.0
Q4F,-6.1487579345703125,-6.641313076019287,-6.210465431213379,-6.80966329574585,-7.274000644683838,-7.2708845138549805,-6.521164894104004,-5.753368377685547,-5.906712055206299,188.0
Q4G,-7.064790725708008,-7.959820747375488,-7.851215839385986,-7.566540241241455,-7.351547718048096,-8.146278381347656,-6.916426658630371,-7.4622344970703125,-7.721963405609131,259.0
Q4H,-6.150343894958496,-6.846517562866211,-6.131317138671875,-7.506477355957031,-7.444468021392822,-7.080482482910156,-6.743860244750977,-6.36713171005249,-6.786854267120361,211.0
Q4I,-4.621092319488525,-5.365779876708984,-5.565469264984131,-5.998399257659912,-6.034278392791748,-5.136437892913818,-5.529001235961914,-5.307656764984131,-4.974530220031738,49.0
Q4K,-5.126837253570557,-5.654975891113281,-5.152345657348633,-5.567042350769043,-5.419577598571777,-5.441273212432861,-5.091495037078857,-5.065296173095703,-5.381766319274902,39.0
Q4L,-5.052371978759766,-5.343804836273193,-4.831466197967529,-5.66871452331543,-5.59049129486084,-5.48267126083374,-5.427863121032715,-5.378330707550049,-5.298580169677734,41.0
Q4M,-5.656103610992432,-6.660182952880859,-5.904168605804443,-6.7885847091674805,-6.6955156326293945,-6.651589393615723,-6.455151557922363,-5.772478103637695,-5.755779266357422,170.0
Q4N,-6.557460308074951,-6.838642597198486,-6.327308654785156,-6.3345465660095215,-6.306938648223877,-6.58140754699707,-6.322375297546387,-6.171861171722412,-6.083941459655762,182.0
Q4P,-5.134099960327148,-5.820073127746582,-5.809133052825928,-3.844547986984253,-5.934449195861816,-4.9897918701171875,-3.756129741668701,-5.514088153839111,-5.17474365234375,22.0
Q4R,-5.276812553405762,-5.870906352996826,-4.578658103942871,-5.512393951416016,-5.8598833084106445,-5.7278032302856445,-5.370694637298584,-5.2027106285095215,-5.527126789093018,55.0
Q4S,-5.1097235679626465,-6.634531021118164,-7.011657238006592,-6.131062984466553,-5.885117530822754,-6.158984661102295,-5.906007289886475,-5.556881427764893,-5.7727251052856445,135.0
Q4T,-4.951867580413818,-6.435461521148682,-6.28011417388916,-6.307979583740234,-5.946188449859619,-6.131326675415039,-5.72209358215332,-5.736483573913574,-5.551522254943848,121.0
Q4V,-5.062161922454834,-5.957031726837158,-5.433947563171387,-5.657334804534912,-5.925766944885254,-4.922200679779053,-5.737827301025391,-4.7771759033203125,-4.806332588195801,43.0
Q4W,-6.635808944702148,-7.682940483093262,-6.875696182250977,-6.984498023986816,-7.946749210357666,-7.213963031768799,-7.346604347229004,-7.005789756774902,-6.598483085632324,233.0
Q4Y,-6.919027328491211,-6.931486129760742,-6.410627841949463,-7.314647674560547,-7.5245208740234375,-7.093327522277832,-6.581067085266113,-5.929760456085205,-6.0280537605285645,207.0
E5A,-4.893744945526123,-6.358304023742676,-6.199630260467529,-5.466742992401123,-6.44803524017334,-6.005953788757324,-5.8514533042907715,-5.675673007965088,-5.9742631912231445,118.0
E5C,-6.180387020111084,-6.898812294006348,-7.109642028808594,-6.965815544128418,-7.792413234710693,-7.495144844055176,-8.037630081176758,-6.8767523765563965,-7.145373344421387,236.0
E5D,-5.515507221221924,-5.98028564453125,-5.709871768951416,-5.63322114944458,-5.708017826080322,-5.654513359069824,-5.5390214920043945,-6.029642581939697,-6.129834175109863,101.0
E5F,-5.87069845199585,-5.508020877838135,-5.901378631591797,-5.691851615905762,-6.21420955657959,-6.730337142944336,-6.247621536254883,-6.248584747314453,-6.399587631225586,148.0
E5G,-5.114386558532715,-5.845770359039307,-6.6365461349487305,-5.869091033935547,-6.862589359283447,-6.0802321434021,-6.014171600341797,-5.862505912780762,-6.5766472816467285,149.0
E5H,-5.753029823303223,-5.795124053955078,-5.71246862411499,-5.53718376159668,-6.528451919555664,-5.839108943939209,-6.205934047698975,-6.094615459442139,-6.532032012939453,131.0
E5I,-5.281858444213867,-5.8608078956604,-6.505256652832031,-6.332586288452148,-6.197906494140625,-5.968195915222168,-6.510496139526367,-6.088169097900391,-5.622980117797852,138.0
E5K,-4.860086917877197,-5.38633394241333,-5.221607208251953,-4.809755802154541,-5.509836673736572,-4.762087821960449,-4.8352952003479,-5.248528480529785,-5.578176021575928,25.0
E5L,-4.736262321472168,-4.745658874511719,-5.40800142288208,-5.684670448303223,-5.641129016876221,-5.447296142578125,-6.119093418121338,-5.928132057189941,-5.718507289886475,62.0
E5M,-6.266684055328369,-6.16485595703125,-6.79252815246582,-6.2007927894592285,-6.508753299713135,-6.883285045623779,-6.971978187561035,-6.364163398742676,-6.733816146850586,194.0
E5N,-5.737315654754639,-5.6539306640625,-5.594789028167725,-5.094946384429932,-5.541677474975586,-5.645577430725098,-5.562499523162842,-5.865292549133301,-5.41328239440918,70.0
E5P,-5.735287189483643,-6.7276763916015625,-6.63300895690918,-7.072412014007568,-7.531403541564941,-5.872217178344727,-5.698864936828613,-5.775211811065674,-5.597395896911621,172.0
E5Q,-5.255660057067871,-5.8721232414245605,-5.656486511230469,-5.491278648376465,-5.744089603424072,-5.676723957061768,-5.758417129516602,-5.868252277374268,-5.824843406677246,85.0
E5R,-4.790168285369873,-4.863898277282715,-4.669257164001465,-4.473448276519775,-5.255564212799072,-5.042895793914795,-5.129104137420654,-5.3592209815979,-5.441779136657715,18.0
E5S,-4.567190647125244,-5.270391941070557,-5.980050086975098,-5.015618324279785,-5.652638912200928,-4.962429046630859,-5.455958843231201,-5.37888240814209,-5.884263515472412,42.0
E5T,-5.31463098526001,-5.273778915405273,-5.77726411819458,-5.597323894500732,-5.6520843505859375,-6.047458171844482,-6.003788948059082,-5.675800323486328,-5.569587707519531,82.0
E5V,-5.301653861999512,-5.937950134277344,-6.209765434265137,-6.074710369110107,-6.100185871124268,-5.7647528648376465,-6.583665370941162,-5.551774978637695,-5.571956157684326,122.0
E5W,-7.482921600341797,-7.131972789764404,-7.462953090667725,-5.583388328552246,-7.292128562927246,-7.37412166595459,-7.381015777587891,-7.234304428100586,-6.63402795791626,230.0
E5Y,-6.883011817932129,-6.271332740783691,-6.143762111663818,-5.698574066162109,-6.658372402191162,-6.742330551147461,-6.681844711303711,-6.533910274505615,-6.411082744598389,184.0
M6A,-4.804518222808838,-6.888973236083984,-6.543347358703613,-5.887935161590576,-5.415043354034424,-5.594092845916748,-5.912509441375732,-6.321257591247559,-6.192436218261719,125.0
M6C,-5.7754669189453125,-8.767560005187988,-8.255775451660156,-7.5992841720581055,-7.531310081481934,-7.302046775817871,-7.8660759925842285,-7.968302249908447,-8.037934303283691,265.0
M6D,-5.871310234069824,-6.027956962585449,-5.911101341247559,-5.7220892906188965,-5.596892356872559,-5.337509632110596,-6.017160415649414,-6.846999645233154,-6.047318458557129,124.0
M6E,-4.927210330963135,-5.901674270629883,-6.219742774963379,-5.285855770111084,-5.110280513763428,-4.960745334625244,-5.334017753601074,-5.847867488861084,-4.359691619873047,40.0
M6F,-5.600978851318359,-7.033205986022949,-4.9156813621521,-5.943041801452637,-6.775362014770508,-6.201999187469482,-6.597288131713867,-6.090819358825684,-6.814062595367432,165.0
M6G,-3.771639108657837,-7.837814807891846,-6.940347671508789,-7.645621299743652,-6.186814308166504,-7.185388565063477,-6.910656929016113,-7.71626091003418,-7.566762924194336,217.0
M6H,-5.833928108215332,-6.190195083618164,-6.0471367835998535,-6.080470561981201,-6.9340901374816895,-5.892125606536865,-6.315832138061523,-7.151785373687744,-7.0448102951049805,181.0
M6I,-4.444045543670654,-6.361724853515625,-6.208480358123779,-5.54669189453125,-6.094295024871826,-4.927305698394775,-6.1764445304870605,-5.950558662414551,-6.260635852813721,104.0
M6K,-5.3502516746521,-6.252384662628174,-6.185425758361816,-5.455687999725342,-5.189353942871094,-4.835910797119141,-5.243887901306152,-5.712143421173096,-5.21917724609375,63.0
M6L,-5.742801189422607,-6.881785869598389,-4.904872894287109,-5.577264308929443,-5.554779052734375,-5.1674113273620605,-5.772014617919922,-5.475831985473633,-6.179012298583984,87.0
M6N,-4.290295600891113,-6.336404800415039,-6.226786136627197,-5.569756031036377,-5.470212459564209,-5.511870384216309,-6.082644939422607,-6.563977241516113,-5.932877540588379,106.0
M6P,-7.213395118713379,-10.92671012878418,-6.951258182525635,-9.811088562011719,-7.4926347732543945,-8.779369354248047,-7.716201305389404,-9.718196868896484,-8.979717254638672,289.0
M6Q,-5.735767364501953,-6.504027843475342,-6.086719989776611,-5.7015886306762695,-5.153468132019043,-4.946649551391602,-5.789871692657471,-6.345589637756348,-5.503418445587158,98.0
M6R,-3.6378297805786133,-6.048928737640381,-5.747437000274658,-5.1731061935424805,-5.44343900680542,-5.0634965896606445,-5.578740119934082,-5.824565887451172,-5.2144975662231445,37.0
M6S,-3.7183997631073,-5.830058574676514,-6.747158527374268,-5.391866683959961,-5.170391082763672,-4.985372543334961,-5.3746795654296875,-6.1075334548950195,-5.587890625,54.0
M6T,-4.517787456512451,-5.688201427459717,-6.963037490844727,-5.901988983154297,-5.24304723739624,-5.161917686462402,-5.66001558303833,-6.457022666931152,-5.50128698348999,84.0
M6V,-5.685117244720459,-6.02801513671875,-6.118038177490234,-5.5626606941223145,-6.147623538970947,-4.630300521850586,-6.017333984375,-5.960870742797852,-6.097508430480957,108.0
M6W,-7.220545768737793,-8.769397735595703,-8.080639839172363,-6.218820095062256,-7.589357376098633,-6.736595630645752,-7.045280933380127,-8.018975257873535,-7.364148139953613,253.0
M6Y,-6.758418083190918,-6.941379070281982,-5.237887382507324,-6.202187538146973,-6.827763080596924,-6.27465295791626,-6.8288655281066895,-7.205105781555176,-7.46501350402832,202.0
G7A,-5.8209099769592285,-6.883238792419434,-7.087586402893066,-5.340672969818115,-5.175961494445801,-4.7552571296691895,-4.640317440032959,-4.547178745269775,-4.1549553871154785,47.0
G7C,-6.954756259918213,-8.126571655273438,-8.045113563537598,-6.972325325012207,-6.646994113922119,-5.948077201843262,-6.386552333831787,-6.011862754821777,-5.749329566955566,208.0
G7D,-6.517173767089844,-5.75700044631958,-6.664988994598389,-5.066948413848877,-4.899344444274902,-4.50498628616333,-4.7986836433410645,-4.9357757568359375,-4.032233238220215,30.0
G7E,-6.155513286590576,-6.201279163360596,-6.148742198944092,-4.851160526275635,-4.728531837463379,-4.220837116241455,-4.2242913246154785,-4.600100040435791,-3.7033984661102295,15.0
G7F,-7.95257568359375,-6.854716777801514,-5.367502689361572,-5.911225318908691,-5.170192718505859,-5.401002883911133,-5.669226169586182,-5.297482013702393,-4.670940399169922,110.0
G7H,-7.542738437652588,-6.119664669036865,-6.208133697509766,-5.813570022583008,-5.553727149963379,-5.09938907623291,-5.251650333404541,-4.9256486892700195,-4.9946608543396,93.0
G7I,-7.005519390106201,-7.384409427642822,-5.626941680908203,-5.957907676696777,-4.867505073547363,-4.6723151206970215,-4.990117073059082,-4.994094371795654,-3.7911996841430664,59.0
G7K,-6.07106351852417,-5.51716423034668,-5.159052848815918,-4.324355602264404,-3.9180941581726074,-3.8533570766448975,-3.517428398132324,-3.474010467529297,-3.2618188858032227,2.0
G7L,-7.414989471435547,-6.3938117027282715,-4.468876361846924,-5.435927867889404,-4.500786304473877,-4.340854167938232,-4.400656700134277,-4.620212078094482,-4.492253303527832,23.0
G7M,-9.71269702911377,-7.840103626251221,-6.878969192504883,-6.752938270568848,-5.241775989532471,-5.921398162841797,-6.469451904296875,-5.392159461975098,-5.634598255157471,203.0
G7N,-7.975409507751465,-6.600820541381836,-6.073246002197266,-5.17438268661499,-4.644240379333496,-4.444793224334717,-5.056236743927002,-5.004627704620361,-4.087163925170898,56.0
G7P,-7.48567008972168,-7.613927841186523,-7.539586067199707,-6.067482948303223,-5.874147415161133,-4.4580817222595215,-5.358902931213379,-5.659739017486572,-4.682126045227051,147.0
G7Q,-7.001669406890869,-6.751688480377197,-5.83176851272583,-5.42152738571167,-4.481385231018066,-4.688205242156982,-5.033844470977783,-5.0887451171875,-4.054401397705078,46.0
G7R,-6.315616607666016,-5.5635552406311035,-5.210197448730469,-4.208330154418945,-4.044826030731201,-4.169663906097412,-3.8469889163970947,-3.7121689319610596,-3.4008126258850098,6.0
G7S,-5.850370407104492,-5.570998191833496,-6.022834777832031,-4.860403537750244,-4.3609161376953125,-3.898751974105835,-4.326921463012695,-4.229606628417969,-4.036122798919678,10.0
G7T,-6.246445655822754,-6.191868782043457,-6.000241756439209,-4.945804119110107,-4.2358012199401855,-4.5020270347595215,-4.621676445007324,-4.4340620040893555,-3.6698312759399414,16.0
G7V,-6.971500396728516,-7.1424641609191895,-5.387753009796143,-5.668296813964844,-4.7032084465026855,-4.218442440032959,-4.791769981384277,-4.500356674194336,-3.81402325630188,31.0
G7W,-10.877763748168945,-8.571000099182129,-8.467474937438965,-6.542571067810059,-6.914132118225098,-6.380633354187012,-6.221383094787598,-6.3807854652404785,-5.698253631591797,248.0
G7Y,-10.06358528137207,-7.560520648956299,-5.751710414886475,-5.959382057189941,-5.523830413818359,-5.509665489196777,-5.997776985168457,-5.691636562347412,-5.049252510070801,176.0
Y8A,-4.109841346740723,-6.069746494293213,-7.121499538421631,-6.119346618652344,-5.713681221008301,-5.670737266540527,-5.891761779785156,-6.0288262367248535,-6.141819953918457,117.0
Y8C,-4.751870155334473,-6.378343105316162,-8.17619514465332,-7.789231777191162,-7.020380020141602,-7.285533905029297,-7.669575214385986,-7.458006858825684,-6.929332733154297,228.0
Y8D,-3.728087902069092,-5.273907661437988,-7.023570537567139,-6.387279510498047,-6.0770697593688965,-5.860970497131348,-6.218713760375977,-6.439024925231934,-5.840834140777588,116.0
Y8E,-3.1629018783569336,-5.359566688537598,-6.908495903015137,-6.107909679412842,-5.946399211883545,-5.467975616455078,-6.158832550048828,-6.532629489898682,-5.288321495056152,83.0
Y8F,-4.880334854125977,-5.966382026672363,-5.997257232666016,-6.556544303894043,-6.327038764953613,-6.230276107788086,-6.191709041595459,-5.7368879318237305,-5.804681301116943,127.0
Y8G,-2.3896946907043457,-5.455362319946289,-5.770918846130371,-4.15995454788208,-4.104487895965576,-4.374780178070068,-4.595547199249268,-3.971184730529785,-5.2948431968688965,5.0
Y8H,-5.170675277709961,-5.654873371124268,-6.53444242477417,-6.961544036865234,-7.058940887451172,-6.497821807861328,-6.421233177185059,-7.1364569664001465,-6.895507335662842,187.0
Y8I,-4.816450119018555,-7.546195030212402,-7.579023361206055,-7.285242080688477,-6.820096015930176,-6.875087738037109,-7.1422929763793945,-7.21988582611084,-5.98765230178833,213.0
Y8K,-4.225515365600586,-5.5253214836120605,-6.8872599601745605,-5.796384811401367,-5.811664581298828,-5.306985855102539,-5.827117919921875,-6.5428361892700195,-5.429415702819824,89.0
Y8L,-4.5666961669921875,-6.106940746307373,-5.633055686950684,-6.191488265991211,-5.191888809204102,-5.432933807373047,-5.965157508850098,-5.898634910583496,-5.818979740142822,80.0
Y8M,-5.256533622741699,-6.645051002502441,-6.823306560516357,-6.681410789489746,-5.972659111022949,-6.704461574554443,-7.091192245483398,-6.62482213973999,-7.022799491882324,192.0
Y8N,-5.009245872497559,-5.587558269500732,-6.029158592224121,-6.179312229156494,-6.2789692878723145,-5.847437858581543,-6.414538383483887,-6.3288493156433105,-6.020633697509766,128.0
Y8P,-7.673336982727051,-9.418558120727539,-11.935566902160645,-9.345840454101562,-9.774911880493164,-8.356794357299805,-8.404593467712402,-7.405241966247559,-6.7654619216918945,295.0
Y8Q,-3.9962399005889893,-6.395838737487793,-7.895044326782227,-6.838748931884766,-6.187365531921387,-6.351108551025391,-6.257122993469238,-7.157326698303223,-6.0531206130981445,177.0
Y8R,-4.057671546936035,-5.582468032836914,-5.890377998352051,-5.890094757080078,-5.92451286315918,-5.799759387969971,-5.338870525360107,-6.591799736022949,-5.698274612426758,79.0
Y8S,-3.6809754371643066,-5.018266677856445,-6.670226097106934,-5.116881847381592,-5.414712429046631,-4.9973649978637695,-5.5141401290893555,-5.843723773956299,-5.383774280548096,35.0
Y8T,-4.697835922241211,-5.145746231079102,-6.65980339050293,-6.6172990798950195,-6.232913970947266,-5.754333972930908,-6.75855827331543,-6.624823570251465,-5.546698093414307,133.0
Y8V,-4.823421478271484,-6.782242774963379,-6.752205848693848,-7.088774681091309,-7.294830322265625,-6.154983043670654,-6.833540916442871,-6.888431072235107,-6.120185852050781,191.0
Y8W,-6.376416206359863,-7.555581092834473,-8.836606979370117,-7.1005072593688965,-7.7525811195373535,-6.694683074951172,-7.7248406410217285,-7.014550685882568,-6.533354759216309,243.0
I9A,-4.228898525238037,-4.846728324890137,-4.96710729598999,-4.7007527351379395,-5.322432041168213,-5.6511616706848145,-5.666571617126465,-5.291876316070557,-5.495247840881348,24.0
I9C,-4.343012809753418,-6.433011531829834,-5.58425760269165,-5.552535533905029,-5.918609142303467,-5.9725751876831055,-6.421594142913818,-6.197920322418213,-5.677224159240723,107.0
I9D,-3.7973029613494873,-4.773496150970459,-5.057909965515137,-4.086482048034668,-5.385810852050781,-5.869121551513672,-5.73061466217041,-5.904680252075195,-5.3424835205078125,21.0
I9E,-3.8020291328430176,-4.273567199707031,-5.204032897949219,-4.4937920570373535,-5.220166206359863,-5.514359951019287,-5.434821605682373,-5.916164875030518,-4.860981464385986,14.0
I9F,-4.738277912139893,-4.618526458740234,-3.8360366821289062,-4.613684177398682,-5.413518905639648,-5.149142265319824,-5.5661940574646,-4.958928108215332,-5.3852152824401855,12.0
I9G,-2.551893711090088,-4.567597389221191,-4.297554016113281,-2.1634368896484375,-4.4185404777526855,-4.744723320007324,-4.638824462890625,-3.8647642135620117,-4.655010223388672,1.0
I9H,-4.579681396484375,-4.601088047027588,-4.865783214569092,-4.890058517456055,-6.461076736450195,-5.876844882965088,-6.580870628356934,-6.298624038696289,-5.866514205932617,68.0
I9K,-3.667670249938965,-3.9075002670288086,-5.196067810058594,-4.491354465484619,-5.594690799713135,-5.479518890380859,-5.618823051452637,-5.475743770599365,-5.283846378326416,13.0
I9L,-5.532251834869385,-4.359811782836914,-3.7295398712158203,-4.507394313812256,-4.727423667907715,-4.512574672698975,-5.289901256561279,-4.94206428527832,-5.440401554107666,9.0
I9M,-6.485936164855957,-5.9086456298828125,-5.060966968536377,-5.386816501617432,-5.702480316162109,-5.867964267730713,-6.827229976654053,-6.27775764465332,-6.95865535736084,142.0
I9N,-4.831016540527344,-4.680843353271484,-4.2808074951171875,-4.208007335662842,-5.880014419555664,-5.327053070068359,-5.660164833068848,-5.671805381774902,-5.305509567260742,20.0
I9P,-7.374967098236084,-9.852330207824707,-11.111776351928711,-8.875907897949219,-9.542505264282227,-11.039140701293945,-10.319774627685547,-8.0654878616333,-6.256199359893799,300.0
I9Q,-3.519012928009033,-4.656314849853516,-5.256896018981934,-4.795690536499023,-5.570409774780273,-5.803472518920898,-5.768242835998535,-6.422962188720703,-5.525271892547607,32.0
I9R,-3.374439001083374,-3.7638325691223145,-4.248701095581055,-4.372416019439697,-4.881669521331787,-4.875112533569336,-5.154856204986572,-5.303133964538574,-5.166779518127441,7.0
I9S,-3.4410171508789062,-3.6472887992858887,-4.834536552429199,-3.643557071685791,-4.414792060852051,-4.766229629516602,-5.103663921356201,-4.890485763549805,-4.955074787139893,3.0
I9T,-5.029131889343262,-4.653724670410156,-5.236390113830566,-5.006701946258545,-4.905252456665039,-5.534317493438721,-5.600403785705566,-5.396460056304932,-5.061606407165527,26.0
I9V,-5.401052474975586,-5.208761215209961,-5.229816913604736,-5.409114837646484,-5.80938720703125,-5.4249796867370605,-5.524416446685791,-5.664899826049805,-5.618559837341309,60.0
I9W,-6.355119705200195,-6.648179531097412,-6.347699165344238,-5.792291641235352,-6.84878396987915,-6.107526779174805,-6.525115966796875,-6.5178327560424805,-5.956271171569824,175.0
I9Y,-5.595637798309326,-4.744572639465332,-3.919727325439453,-4.737279891967773,-5.592102527618408,-5.476711273193359,-5.556918144226074,-5.899481773376465,-5.432229518890381,29.0
F10A,-5.88735818862915,-6.420949935913086,-6.318413734436035,-6.367264270782471,-6.2565765380859375,-6.156508922576904,-5.440401077270508,-6.416554927825928,-5.973593235015869,154.0
F10C,-6.160683631896973,-8.090044975280762,-8.254387855529785,-7.698968887329102,-6.959481239318848,-7.627697467803955,-6.948795318603516,-7.124346733093262,-6.880509376525879,246.0
F10D,-3.808678150177002,-4.890758514404297,-6.345747947692871,-5.97055196762085,-5.2411980628967285,-5.859433174133301,-5.523505687713623,-6.289079666137695,-5.684700012207031,64.0
F10E,-5.517782211303711,-5.620904922485352,-7.236699104309082,-5.800336837768555,-5.365030765533447,-5.689877033233643,-5.012011528015137,-6.441638946533203,-5.1680588722229,100.0
F10G,-4.143594264984131,-7.133574962615967,-6.2846879959106445,-7.245966911315918,-6.551435470581055,-7.705862998962402,-5.933074951171875,-7.7139387130737305,-7.930600166320801,205.0
F10H,-5.890632629394531,-6.149338722229004,-6.966343879699707,-6.757589340209961,-6.591322422027588,-6.384159564971924,-6.05488395690918,-7.183309555053711,-7.162173748016357,195.0
F10I,-6.0888895988464355,-6.496941089630127,-7.4822001457214355,-5.773907661437988,-4.9499077796936035,-5.350689888000488,-4.965667724609375,-5.474390506744385,-5.10806131362915,95.0
F10K,-5.437317371368408,-5.682934284210205,-5.842667579650879,-5.353170394897461,-5.615553855895996,-5.8879008293151855,-5.0743794441223145,-5.8155741691589355,-5.421371936798096,71.0
F10L,-6.4926862716674805,-6.455297946929932,-6.372727394104004,-5.576807022094727,-5.27663516998291,-5.470955848693848,-5.479437828063965,-5.712946891784668,-5.7618727684021,112.0
F10M,-6.718914031982422,-7.6048102378845215,-7.842164516448975,-7.120037078857422,-6.289520263671875,-6.821432113647461,-6.938060760498047,-6.9033122062683105,-6.609196662902832,224.0
F10N,-4.552310943603516,-5.969595909118652,-6.153733253479004,-5.978234767913818,-5.781588554382324,-5.863833427429199,-5.904406547546387,-6.322933673858643,-6.120975017547607,114.0
F10P,-4.8764142990112305,-4.682258605957031,-4.555802345275879,-5.918783187866211,-5.545040607452393,-6.225245952606201,-5.310431957244873,-6.027033805847168,-5.391479015350342,48.0
F10Q,-6.075763702392578,-6.478437900543213,-7.893871307373047,-6.469681262969971,-5.401333808898926,-6.098731994628906,-5.883826732635498,-6.9472222328186035,-6.032074451446533,179.0
F10R,-5.213865280151367,-5.6761698722839355,-5.990292549133301,-5.320862293243408,-5.3926310539245605,-5.6202073097229,-5.077132225036621,-5.871712684631348,-5.765351295471191,67.0
F10S,-4.191176891326904,-4.988638877868652,-6.557990550994873,-5.621008396148682,-5.309261322021484,-5.726160049438477,-5.176571369171143,-6.016590595245361,-5.513891696929932,57.0
F10T,-4.8858513832092285,-5.498434543609619,-6.62263822555542,-5.886819362640381,-5.13261079788208,-5.965089797973633,-5.232298374176025,-5.708232879638672,-5.290093421936035,73.0
F10V,-6.251405715942383,-5.947445869445801,-7.251089572906494,-5.863173961639404,-5.226410388946533,-5.044646263122559,-5.211429595947266,-5.5886712074279785,-5.100709915161133,92.0
F10W,-7.03426456451416,-7.841581344604492,-8.182039260864258,-6.607463359832764,-7.358770370483398,-6.875365734100342,-6.321971893310547,-6.91609001159668,-7.0926313400268555,232.0
F10Y,-6.282272815704346,-6.542688369750977,-6.785884857177734,-6.361567497253418,-6.321174621582031,-6.465465068817139,-6.248734951019287,-6.8311309814453125,-6.3469109535217285,185.0
Y11A,-5.248183250427246,-6.629240036010742,-7.207503318786621,-6.173671722412109,-5.8521409034729,-6.018337726593018,-5.854519844055176,-6.071317672729492,-5.937860488891602,150.0
Y11C,-5.354211330413818,-7.11815881729126,-8.157498359680176,-7.747869968414307,-6.942224979400635,-7.385143280029297,-7.9575910568237305,-7.006112098693848,-7.240340232849121,239.0
Y11D,-4.477693557739258,-5.754431247711182,-7.590246677398682,-7.008482933044434,-5.986232757568359,-6.10936164855957,-6.026935577392578,-6.552708625793457,-5.512807369232178,151.0
Y11E,-4.407956123352051,-5.6387457847595215,-7.299213409423828,-6.064043045043945,-5.111304759979248,-5.023651123046875,-5.77535343170166,-6.0644683837890625,-4.898036956787109,75.0
Y11F,-5.600067138671875,-6.094939708709717,-6.4863996505737305,-6.057393550872803,-6.391809463500977,-5.732789516448975,-6.15597677230835,-5.814216136932373,-5.720627307891846,134.0
Y11G,-5.544168949127197,-8.05904769897461,-8.076593399047852,-8.290658950805664,-7.480852127075195,-7.965265274047852,-7.259298324584961,-7.745011329650879,-8.167418479919434,261.0
Y11H,-6.048243999481201,-5.9380083084106445,-5.917638778686523,-6.655519485473633,-7.266217231750488,-6.329345226287842,-6.676687717437744,-6.934422016143799,-6.4997053146362305,186.0
Y11I,-4.658304214477539,-6.241568088531494,-6.140188217163086,-5.345830917358398,-5.043426990509033,-4.32624626159668,-5.225574493408203,-5.294948577880859,-4.611291885375977,28.0
Y11K,-5.418715953826904,-5.936321258544922,-6.470654487609863,-5.022079944610596,-5.224715232849121,-4.622065544128418,-5.0861711502075195,-5.851400852203369,-4.948828220367432,50.0
Y11L,-5.319167137145996,-6.900554180145264,-5.04296875,-5.441979885101318,-5.019866943359375,-4.675911903381348,-5.208199977874756,-5.217134475708008,-4.8147807121276855,36.0
Y11M,-7.226962089538574,-6.507165431976318,-7.082592010498047,-6.828084945678711,-5.727337837219238,-6.262042045593262,-6.515629291534424,-6.520243167877197,-6.520958423614502,196.0
Y11N,-6.385468006134033,-6.343996047973633,-6.481400966644287,-6.213644027709961,-6.266046524047852,-5.9921464920043945,-6.394021511077881,-6.5974555015563965,-5.730183124542236,171.0
Y11P,-6.019740581512451,-6.578721046447754,-7.319219589233398,-4.907550811767578,-5.097733020782471,-5.17948579788208,-5.145550727844238,-6.008804798126221,-5.476423740386963,96.0
Y11Q,-4.377875328063965,-6.324896812438965,-7.51125431060791,-5.934230804443359,-5.590171813964844,-5.681809425354004,-5.53570032119751,-5.927864074707031,-5.407475471496582,109.0
Y11R,-5.259415626525879,-6.140199184417725,-5.803290367126465,-5.467535972595215,-5.378751754760742,-5.448633670806885,-5.3435492515563965,-6.187401294708252,-5.522077560424805,77.0
Y11S,-5.522646903991699,-6.187881946563721,-7.681369304656982,-5.976822853088379,-5.71906852722168,-6.038146495819092,-5.705125331878662,-6.032896995544434,-5.564747333526611,140.0
Y11T,-5.042764186859131,-4.885542869567871,-6.049522399902344,-5.905783653259277,-5.266845226287842,-5.479745388031006,-5.895792007446289,-5.55800199508667,-5.048445701599121,58.0
Y11V,-5.493042469024658,-5.093594074249268,-5.425611972808838,-4.934252738952637,-5.113266468048096,-4.090027332305908,-5.57392692565918,-4.862339019775391,-4.598442554473877,19.0
Y11W,-6.819708347320557,-8.285393714904785,-9.575526237487793,-6.9784746170043945,-7.66355037689209,-6.739719390869141,-7.572206497192383,-7.366616725921631,-6.722517013549805,256.0
P12A,-7.5075907707214355,-8.842196464538574,-9.209452629089355,-9.4468355178833,-8.433253288269043,-8.648359298706055,-8.953473091125488,-7.055277347564697,-6.991725921630859,285.0
P12C,-7.9399285316467285,-10.165581703186035,-10.53686237335205,-11.168941497802734,-9.785093307495117,-11.692121505737305,-10.456465721130371,-7.655999183654785,-8.37584114074707,304.0
P12D,-7.92252254486084,-9.358271598815918,-9.60653018951416,-10.49165153503418,-8.988709449768066,-9.399593353271484,-9.55379581451416,-7.459423065185547,-6.628467559814453,296.0
P12E,-7.371563911437988,-8.284414291381836,-8.541389465332031,-9.854889869689941,-8.244824409484863,-8.16482925415039,-8.925029754638672,-7.121450424194336,-6.212120056152344,276.0
P12F,-7.540293216705322,-8.586812019348145,-8.849483489990234,-9.946138381958008,-9.082836151123047,-9.599298477172852,-9.588996887207031,-7.143392086029053,-7.9134721755981445,293.0
P12G,-7.942385196685791,-10.478378295898438,-10.525284767150879,-10.722163200378418,-9.988752365112305,-10.292073249816895,-9.680293083190918,-8.335310935974121,-8.712142944335938,302.0
P12H,-8.632464408874512,-9.683155059814453,-9.678102493286133,-10.84023666381836,-9.994524955749512,-10.34290599822998,-9.728297233581543,-8.294517517089844,-8.307159423828125,301.0
P12I,-6.62225866317749,-8.039165496826172,-8.914794921875,-10.490632057189941,-8.853982925415039,-9.028033256530762,-9.098824501037598,-6.884863376617432,-6.757862091064453,282.0
P12K,-6.916218280792236,-7.886666774749756,-8.499427795410156,-8.991394996643066,-8.0956449508667,-8.326558113098145,-8.484700202941895,-6.5188703536987305,-6.70890474319458,270.0
P12L,-6.2619309425354,-7.635426044464111,-7.877172946929932,-8.66446590423584,-8.075927734375,-8.072042465209961,-8.668004989624023,-6.580638408660889,-6.993603706359863,264.0
P12M,-8.04029655456543,-9.03006362915039,-9.323579788208008,-10.56427001953125,-8.888290405273438,-10.050699234008789,-9.9927396774292,-7.583902359008789,-8.560799598693848,298.0
P12N,-8.0485200881958,-9.564955711364746,-9.502796173095703,-10.370161056518555,-9.090795516967773,-9.635263442993164,-9.732072830200195,-7.683680534362793,-7.237432479858398,297.0
P12Q,-7.274909496307373,-8.486041069030762,-9.010574340820312,-10.138955116271973,-8.209897994995117,-9.004093170166016,-9.226139068603516,-7.539440155029297,-7.2721405029296875,286.0
P12R,-6.7542219161987305,-8.079556465148926,-7.960760116577148,-9.01081371307373,-7.943150043487549,-8.759605407714844,-8.286277770996094,-7.342349529266357,-7.158769130706787,272.0
P12S,-6.976535797119141,-8.740345001220703,-9.193352699279785,-9.054298400878906,-8.265641212463379,-8.723901748657227,-8.8865327835083,-7.034334659576416,-7.026042938232422,279.0
P12T,-7.341831684112549,-8.694072723388672,-9.487139701843262,-10.420451164245605,-8.818113327026367,-9.805220603942871,-9.555585861206055,-6.639062881469727,-7.0027265548706055,291.0
P12V,-7.175516128540039,-8.116055488586426,-8.956975936889648,-9.82964038848877,-8.549386024475098,-8.589701652526855,-9.585368156433105,-6.5575032234191895,-6.991904258728027,281.0
P12W,-8.253644943237305,-9.865397453308105,-9.901396751403809,-11.171822547912598,-10.526175498962402,-10.515231132507324,-10.076735496520996,-8.76391887664795,-8.105834007263184,303.0
P12Y,-8.428146362304688,-9.655065536499023,-9.030831336975098,-10.121152877807617,-9.632996559143066,-10.008729934692383,-9.83739185333252,-7.764832019805908,-7.946985721588135,299.0
R13A,-6.176210880279541,-6.958395004272461,-7.481658935546875,-7.475419521331787,-6.926222801208496,-6.369775772094727,-6.483234405517578,-6.662477016448975,-6.192629814147949,206.0
R13C,-6.908555030822754,-8.151494026184082,-8.705777168273926,-8.70473575592041,-7.756513595581055,-8.161066055297852,-8.405759811401367,-7.682427883148193,-7.491191387176514,274.0
R13D,-5.669875144958496,-6.694549560546875,-8.153351783752441,-7.874810218811035,-6.866158485412598,-6.735226631164551,-7.102538108825684,-6.858704566955566,-5.851490020751953,218.0
R13E,-5.078271865844727,-5.87257194519043,-6.7206196784973145,-6.519686222076416,-5.983064651489258,-5.536448955535889,-5.875021934509277,-5.8718366622924805,-5.042339324951172,111.0
R13F,-6.823080539703369,-6.493282794952393,-7.638360500335693,-7.604859352111816,-7.112127304077148,-6.811216831207275,-6.606376647949219,-5.989104747772217,-6.4964704513549805,216.0
R13G,-7.1126322746276855,-8.463165283203125,-10.146283149719238,-9.70158576965332,-8.530754089355469,-8.675880432128906,-8.043928146362305,-8.019733428955078,-8.594685554504395,288.0
R13H,-7.048998832702637,-6.855505466461182,-8.063648223876953,-7.988498687744141,-8.01218032836914,-6.921807289123535,-7.334046363830566,-7.253654956817627,-7.237447261810303,249.0
R13I,-5.293717861175537,-5.583154201507568,-7.122069835662842,-6.095555305480957,-5.8621625900268555,-4.940652847290039,-5.966984272003174,-5.398373603820801,-5.250362396240234,94.0
R13K,-5.21967077255249,-5.666248798370361,-5.980823516845703,-5.7936601638793945,-5.640520095825195,-5.273586273193359,-5.7652716636657715,-5.535210132598877,-5.720934867858887,78.0
R13L,-5.1651530265808105,-5.744645595550537,-6.383418560028076,-6.457489490509033,-5.68363094329834,-5.48661994934082,-5.531071662902832,-4.928872108459473,-5.807080268859863,86.0
R13M,-6.551250457763672,-6.8911356925964355,-7.987619400024414,-7.72697114944458,-6.503936767578125,-6.495368003845215,-7.016473293304443,-6.332834720611572,-6.948115348815918,220.0
R13N,-5.7998738288879395,-7.341825485229492,-7.566328525543213,-7.23106575012207,-6.963681221008301,-6.534976959228516,-7.210118293762207,-7.049172401428223,-6.145020008087158,219.0
R13P,-4.914036273956299,-8.591062545776367,-7.050809860229492,-7.83748722076416,-6.802204132080078,-6.650101661682129,-6.641242027282715,-6.39682149887085,-5.010219097137451,204.0
R13Q,-5.4143290519714355,-6.309398651123047,-6.5974578857421875,-6.605688095092773,-6.007166862487793,-5.953189373016357,-6.347385406494141,-6.406363487243652,-5.62692928314209,156.0
R13S,-5.5846147537231445,-6.6857099533081055,-7.899487495422363,-7.151340961456299,-6.581742286682129,-6.108564853668213,-6.586454391479492,-6.522785186767578,-6.194694519042969,198.0
R13T,-5.547017574310303,-6.265750408172607,-6.967130661010742,-6.512675762176514,-6.369119644165039,-5.804775714874268,-6.210208892822266,-5.886661052703857,-5.776645660400391,157.0
R13V,-5.079099178314209,-5.7178955078125,-6.389377593994141,-5.51678466796875,-5.84157133102417,-4.6604437828063965,-5.9314069747924805,-5.190631866455078,-5.4635396003723145,66.0
R13W,-7.039975166320801,-7.130295753479004,-8.690592765808105,-7.822575092315674,-7.959383964538574,-7.712496280670166,-7.520271301269531,-6.683797836303711,-6.392578125,251.0
R13Y,-7.357542514801025,-6.722982883453369,-7.970955848693848,-7.990239143371582,-7.098747253417969,-6.658468246459961,-7.157742023468018,-6.339442253112793,-6.544303894042969,231.0
K14A,-5.488605499267578,-7.108375549316406,-6.402586460113525,-5.56337833404541,-6.230245590209961,-6.121039867401123,-5.591081619262695,-5.783971786499023,-5.904332160949707,136.0
K14C,-6.607310771942139,-8.009539604187012,-8.687870025634766,-8.603103637695312,-7.639585494995117,-8.735196113586426,-7.282904624938965,-6.270046234130859,-6.953269958496094,263.0
K14D,-5.8786540031433105,-6.288844585418701,-6.634038925170898,-6.424322605133057,-6.140976905822754,-6.360335826873779,-5.934786319732666,-5.96437931060791,-5.0772786140441895,146.0
K14E,-5.051285743713379,-5.689825057983398,-6.059185981750488,-6.029139518737793,-5.5951972007751465,-5.461913108825684,-5.36591100692749,-5.23643159866333,-4.864391326904297,61.0
K14F,-5.837676525115967,-7.034448146820068,-7.106048583984375,-6.674322605133057,-6.8024139404296875,-7.078577518463135,-6.425730228424072,-5.983783721923828,-6.329852104187012,197.0
K14G,-6.968280792236328,-8.85734748840332,-7.76889705657959,-6.83043098449707,-7.821404933929443,-8.034751892089844,-6.845351219177246,-7.647591590881348,-7.996519088745117,262.0
K14H,-6.378032207489014,-7.096658229827881,-7.357049942016602,-7.461970329284668,-7.830888748168945,-7.120400428771973,-6.784194469451904,-6.895596504211426,-7.461959362030029,235.0
K14I,-5.088181018829346,-6.1076459884643555,-7.228541851043701,-7.114507675170898,-6.1536688804626465,-6.633333683013916,-5.856833457946777,-5.1115217208862305,-5.112974643707275,139.0
K14L,-5.0320515632629395,-6.097395896911621,-6.567987442016602,-5.923820972442627,-5.8485565185546875,-5.97712516784668,-5.762755393981934,-4.995213508605957,-5.553576946258545,97.0
K14M,-6.3972015380859375,-7.02714204788208,-7.9603447914123535,-7.845398426055908,-6.893083572387695,-7.764142990112305,-6.9060540199279785,-6.937142848968506,-7.1579766273498535,238.0
K14N,-5.557426452636719,-6.742892742156982,-6.36954927444458,-6.936278820037842,-6.64469575881958,-6.664824962615967,-6.402771949768066,-6.263942718505859,-5.631595134735107,178.0
K14P,-3.9483695030212402,-7.236878871917725,-4.281826972961426,-2.1265251636505127,-4.378992557525635,-3.9505298137664795,-4.650455474853516,-4.466814994812012,-4.691927433013916,4.0
K14Q,-5.7650275230407715,-6.223209857940674,-6.5327839851379395,-6.70739221572876,-6.404324054718018,-6.806299686431885,-6.355383396148682,-6.182755947113037,-5.8792643547058105,174.0
K14R,-5.535237789154053,-6.238104820251465,-5.735109329223633,-5.426029682159424,-5.805665016174316,-5.750204086303711,-5.51969575881958,-5.67325496673584,-5.78326940536499,91.0
K14S,-4.887761116027832,-6.6040449142456055,-6.579556941986084,-5.577008247375488,-6.141838073730469,-6.222457408905029,-5.725680351257324,-5.652026653289795,-5.709500312805176,123.0
K14T,-4.758728981018066,-6.019223213195801,-6.993851661682129,-6.963277816772461,-6.024999618530273,-6.8200178146362305,-5.8464484214782715,-5.1661696434021,-5.120907306671143,129.0
K14V,-4.919180870056152,-5.953701972961426,-7.375870227813721,-6.092869758605957,-5.7289299964904785,-5.914985656738281,-5.985935211181641,-4.567385673522949,-5.237026214599609,99.0
K14W,-7.186819076538086,-8.37911319732666,-8.300405502319336,-7.3208417892456055,-7.844542503356934,-7.4112396240234375,-7.108859539031982,-7.2170610427856445,-6.463949680328369,254.0
K14Y,-6.547976016998291,-7.2242326736450195,-7.280045032501221,-7.102183818817139,-6.798190593719482,-6.944203853607178,-6.447535514831543,-6.347230434417725,-6.291266441345215,210.0
L15A,-6.025918006896973,-6.228451251983643,-5.97105598449707,-5.420538902282715,-6.030040740966797,-5.81622314453125,-5.585864067077637,-5.8498711585998535,-5.711813926696777,113.0
L15C,-6.529108047485352,-6.963113784790039,-8.085817337036133,-7.710562229156494,-7.192409992218018,-7.741436004638672,-7.547205448150635,-6.283548831939697,-6.957562446594238,240.0
L15D,-5.994802474975586,-6.167757034301758,-7.014687538146973,-5.824916839599609,-6.198788166046143,-6.297190189361572,-6.308841228485107,-6.308334827423096,-5.698963165283203,163.0
L15E,-4.913541793823242,-5.4085693359375,-5.707717418670654,-5.071253299713135,-5.532228469848633,-5.221181869506836,-5.162771224975586,-5.831326007843018,-4.534487724304199,33.0
L15F,-5.508609294891357,-5.772843360900879,-6.271173477172852,-5.8735246658325195,-6.100687503814697,-6.262645721435547,-6.127168655395508,-5.429171085357666,-5.630491733551025,119.0
L15G,-6.549222946166992,-7.410723686218262,-8.149957656860352,-7.147793292999268,-7.631195068359375,-7.3859758377075195,-6.779777526855469,-6.829976558685303,-7.310302257537842,241.0
L15H,-6.5894269943237305,-6.284944534301758,-6.364101886749268,-6.193470001220703,-6.9343342781066895,-6.28294038772583,-6.44909143447876,-6.920918941497803,-6.578102111816406,190.0
L15I,-4.865367412567139,-5.6442131996154785,-5.511277675628662,-5.026989936828613,-5.216246604919434,-5.277307033538818,-5.622978210449219,-5.185481548309326,-4.509674549102783,27.0
L15K,-5.296784400939941,-4.80994987487793,-4.958466529846191,-3.9934074878692627,-4.644672870635986,-4.831883430480957,-4.914288520812988,-5.4383931159973145,-5.124581813812256,11.0
L15M,-5.688910484313965,-6.243738174438477,-6.597929000854492,-6.854376316070557,-5.768011569976807,-6.360074520111084,-6.773906707763672,-5.993448257446289,-5.8709611892700195,168.0
L15N,-6.066520690917969,-6.554343223571777,-6.2762651443481445,-5.8209333419799805,-5.823785781860352,-6.355247497558594,-6.64219856262207,-6.6273064613342285,-5.897238731384277,167.0
L15P,-4.920680999755859,-6.125997066497803,-7.338736534118652,-5.543556213378906,-6.314653396606445,-5.55959939956665,-4.628668785095215,-5.464102745056152,-5.490102291107178,90.0
L15Q,-5.785154342651367,-5.970677375793457,-5.596048355102539,-5.436670303344727,-5.262762069702148,-5.655235290527344,-5.639557838439941,-6.097598075866699,-5.3813157081604,81.0
L15R,-4.863186836242676,-4.79188871383667,-4.57603120803833,-4.172885417938232,-4.621917724609375,-4.88970947265625,-4.798774242401123,-5.257394790649414,-4.859914779663086,8.0
L15S,-5.1170525550842285,-5.823200225830078,-6.008747577667236,-5.208854675292969,-5.744574069976807,-5.593723297119141,-5.6017961502075195,-5.748331069946289,-5.3217291831970215,72.0
L15T,-5.15999698638916,-5.700547695159912,-5.492867469787598,-5.220911979675293,-5.282310962677002,-5.457769393920898,-5.9971160888671875,-5.616381645202637,-4.979099750518799,53.0
L15V,-4.861214637756348,-5.57744836807251,-5.182437896728516,-4.552296161651611,-5.206514358520508,-4.834056854248047,-5.461001396179199,-4.614833354949951,-4.684953689575195,17.0
L15W,-6.362195014953613,-7.113256454467773,-7.841277599334717,-5.884902477264404,-6.9235310554504395,-6.2033467292785645,-6.809999942779541,-6.784810543060303,-5.5483317375183105,200.0
L15Y,-5.864139556884766,-6.142352104187012,-6.420104026794434,-5.79906702041626,-6.122236728668213,-5.80350399017334,-6.236564636230469,-6.411094665527344,-5.733153820037842,143.0
R16A,-6.245283126831055,-6.348661422729492,-6.183069229125977,-6.152194023132324,-6.596322536468506,-6.112762451171875,-5.881765842437744,-6.131995677947998,-5.913931369781494,160.0
R16C,-7.501507759094238,-7.876217842102051,-7.918186187744141,-8.738779067993164,-8.619314193725586,-8.255205154418945,-8.57466983795166,-8.171353340148926,-7.790952205657959,278.0
R16D,-5.850081443786621,-5.7992143630981445,-6.0954270362854,-6.625534534454346,-6.195732593536377,-6.502460479736328,-5.3760833740234375,-6.033571720123291,-5.504055976867676,130.0
R16E,-5.367401599884033,-5.824434280395508,-6.098686218261719,-6.428518295288086,-6.167783260345459,-5.462821960449219,-5.296627998352051,-5.802926540374756,-4.870461463928223,88.0
R16F,-6.586249351501465,-6.623697280883789,-7.147040843963623,-7.662312984466553,-7.7346086502075195,-6.702522277832031,-6.810225486755371,-6.269107341766357,-7.371003150939941,226.0
R16G,-6.137931823730469,-6.027907848358154,-7.095781326293945,-7.299497604370117,-7.352323532104492,-7.4994215965271,-6.463233470916748,-6.400905132293701,-7.136041641235352,214.0
R16H,-6.883731842041016,-6.6045966148376465,-7.314756870269775,-7.590789794921875,-7.932755470275879,-6.757842063903809,-7.007653713226318,-7.153623104095459,-7.368371486663818,237.0
R16I,-6.129589080810547,-6.9668779373168945,-6.628687858581543,-7.318362236022949,-7.300671577453613,-6.082842826843262,-6.707114219665527,-6.112505912780762,-6.424308776855469,201.0
R16K,-5.759592533111572,-5.2121901512146,-5.601181983947754,-5.479640960693359,-5.537660121917725,-5.465144157409668,-5.0849609375,-5.55527400970459,-5.063831329345703,52.0
R16L,-5.919142723083496,-6.32802152633667,-5.911067008972168,-6.9061079025268555,-6.435919284820557,-6.09473180770874,-6.275699138641357,-5.613703727722168,-6.426107883453369,164.0
R16M,-6.959113121032715,-7.267550468444824,-6.865926265716553,-8.620166778564453,-7.282870292663574,-7.281564235687256,-7.066221237182617,-6.49655818939209,-7.84429931640625,244.0
R16N,-5.788620948791504,-6.67148494720459,-6.0474324226379395,-6.357844829559326,-6.382129669189453,-6.590364456176758,-5.773547172546387,-6.15410852432251,-5.779029846191406,158.0
R16P,-5.330802917480469,-6.0490217208862305,-4.114928722381592,-5.615016460418701,-5.471782684326172,-4.961718559265137,-4.692141532897949,-6.469107627868652,-5.048589706420898,38.0
R16Q,-6.038783073425293,-6.35424280166626,-6.392298698425293,-6.904534816741943,-6.379942893981934,-6.245950698852539,-6.162622451782227,-5.956817150115967,-5.738482475280762,169.0
R16S,-5.600016117095947,-5.947373867034912,-6.612637519836426,-6.465776443481445,-6.248917579650879,-5.697710037231445,-5.597538471221924,-6.0082573890686035,-5.82342529296875,132.0
R16T,-5.582297325134277,-6.086039066314697,-6.402910232543945,-6.701754570007324,-6.294558525085449,-5.955671787261963,-5.874812126159668,-5.90786075592041,-5.8555426597595215,145.0
R16V,-5.866262912750244,-6.665719985961914,-6.131906509399414,-6.21409273147583,-6.608719825744629,-5.491087913513184,-6.170027256011963,-6.109024524688721,-6.2919206619262695,159.0
R16W,-8.137518882751465,-7.414342880249023,-9.034795761108398,-8.352984428405762,-9.222174644470215,-8.354036331176758,-8.793293952941895,-7.606975555419922,-7.785799980163574,283.0
R16Y,-7.230264663696289,-6.80808687210083,-7.970632076263428,-7.714915752410889,-7.791662216186523,-6.9112982749938965,-7.121235370635986,-6.7015814781188965,-7.268202304840088,242.0
