mutant,esm1v_score
M1A,-8.719112396240234
M1C,-11.944854736328125
M1D,-8.952064514160156
M1E,-9.061370849609375
M1F,-9.592901229858398
M1G,-9.961219787597656
M1H,-10.700133323669434
M1I,-8.64673137664795
M1K,-9.675472259521484
M1L,-8.614972114562988
M1N,-10.702900886535645
M1P,-10.290533065795898
M1Q,-8.398138999938965
M1R,-8.07947063446045
M1S,-10.706779479980469
M1T,-9.538247108459473
M1V,-5.986685752868652
M1W,-10.71023178100586
M1Y,-9.534401893615723
R2A,-0.3140678405761719
R2C,-1.2058144807815552
R2D,-0.7335681915283203
R2E,-0.38030797243118286
R2F,-0.6065098643302917
R2G,-0.1552843600511551
R2H,-1.4459960460662842
R2I,-0.32233351469039917
R2K,-0.22576458752155304
R2L,0.23286566138267517
R2M,7.189023017883301
R2N,-0.5871256589889526
R2P,-0.6527791619300842
R2Q,-0.7958537936210632
R2S,-0.24270959198474884
R2T,-0.4647960662841797
R2V,0.12688563764095306
R2W,-1.2872018814086914
R2Y,-0.8171818852424622
W3A,1.5791199207305908
W3C,0.4437025785446167
W3D,1.1811199188232422
W3E,1.34035062789917
W3F,1.538899540901184
W3G,1.4973080158233643
W3H,0.703535258769989
W3I,1.8227128982543945
W3K,1.95564603805542
W3L,2.08022141456604
W3M,0.28869128227233887
W3N,1.4896202087402344
W3P,1.0218487977981567
W3Q,0.9989026188850403
W3R,5.058662414550781
W3S,1.7805836200714111
W3T,1.472640037536621
W3V,1.6315805912017822
W3Y,1.0018349885940552
Q4A,0.0009820908308029175
Q4C,-0.6575320959091187
Q4D,-0.2998674809932709
Q4E,0.20291951298713684
Q4F,0.15648795664310455
Q4G,0.03925551474094391
Q4H,-0.6050161123275757
Q4I,0.41716694831848145
Q4K,0.774307131767273
Q4L,0.9332183599472046
Q4M,-0.5598334074020386
Q4N,0.15831410884857178
Q4P,-0.22261887788772583
Q4R,0.6098976135253906
Q4S,0.45576196908950806
Q4T,0.11952125281095505
Q4V,0.1531217247247696
Q4W,2.548732042312622
Q4Y,-0.2056342363357544
E5A,-0.1580830216407776
E5C,-1.1089881658554077
E5D,-0.6307070851325989
E5F,-0.2973553240299225
E5G,0.0998029038310051
E5H,-0.9563063383102417
E5I,0.08241438865661621
E5K,0.4592589735984802
E5L,0.5968796610832214
E5M,-0.4633685052394867
E5N,-0.3310798108577728
E5P,-0.4415472447872162
E5Q,3.102099895477295
E5R,0.5185533761978149
E5S,0.15919989347457886
E5T,-0.15015819668769836
E5V,-0.02747156471014023
E5W,-0.8533083200454712
E5Y,-0.7224008440971375
M6A,0.6250871419906616
M6C,-0.38373762369155884
M6D,-0.009942114353179932
M6E,4.0706353187561035
M6F,0.5014434456825256
M6G,0.8581873774528503
M6H,-0.33893030881881714
M6I,0.8710011839866638
M6K,1.2364733219146729
M6L,1.2521320581436157
M6N,0.49345648288726807
M6P,0.15203183889389038
M6Q,0.44476091861724854
M6R,1.0370272397994995
M6S,0.8908402919769287
M6T,0.5703128576278687
M6V,0.7337603569030762
M6W,-0.29265207052230835
M6Y,0.010628819465637207
G7A,-0.11561041325330734
G7C,-1.1521204710006714
G7D,-0.47304078936576843
G7E,-0.09546537697315216
G7F,-0.3760105073451996
G7H,-1.1145451068878174
G7I,0.036069296300411224
G7K,0.3153465688228607
G7L,0.294161319732666
G7M,2.358182191848755
G7N,-0.2303173542022705
G7P,-0.6202733516693115
G7Q,-0.5318173170089722
G7R,0.044631779193878174
G7S,0.08919785171747208
G7T,-0.14249788224697113
G7V,-0.1501477211713791
G7W,-1.4221032857894897
G7Y,-0.6909595131874084
Y8A,0.5713486075401306
Y8C,-0.2657632827758789
Y8D,0.2727283239364624
Y8E,0.5729203224182129
Y8F,0.5047903060913086
Y8G,4.047278881072998
Y8H,-0.23270905017852783
Y8I,0.8615220785140991
Y8K,0.9887776374816895
Y8L,1.1658954620361328
Y8M,-0.21590805053710938
Y8N,0.4985101521015167
Y8P,0.10324406623840332
Y8Q,0.18101131916046143
Y8R,0.9763990044593811
Y8S,0.7655519247055054
Y8T,0.4229213297367096
Y8V,0.7164663076400757
Y8W,-0.6955068111419678
I9A,-0.10727687180042267
I9C,-0.9180564880371094
I9D,-0.4433290362358093
I9E,0.024513185024261475
I9F,-0.20567576587200165
I9G,0.18581587076187134
I9H,-1.071669340133667
I9K,0.2841690182685852
I9L,0.43189430236816406
I9M,-0.8127468228340149
I9N,-0.3360997438430786
I9P,-0.7658752202987671
I9Q,-0.5674441456794739
I9R,0.3090956211090088
I9S,0.1412363499403
I9T,-0.29404664039611816
I9V,0.03116019070148468
I9W,-1.0680793523788452
I9Y,2.689901828765869
F10A,-0.258817195892334
F10C,-0.7600420713424683
F10D,-0.43519672751426697
F10E,-0.5456365942955017
F10G,0.05680351331830025
F10H,-0.9198483824729919
F10I,3.2346420288085938
F10K,-0.45947933197021484
F10L,0.36465248465538025
F10M,-1.5004820823669434
F10N,-0.5630890727043152
F10P,-0.47510266304016113
F10Q,-0.7925625443458557
F10R,0.09963221848011017
F10S,0.17583562433719635
F10T,-0.3838733732700348
F10V,-0.16161802411079407
F10W,-1.2457412481307983
F10Y,-0.5645110607147217
Y11A,0.14198315143585205
Y11C,-0.32478201389312744
Y11D,-0.02163180708885193
Y11E,0.1152905523777008
Y11F,3.746551752090454
Y11G,0.40294206142425537
Y11H,-0.372994065284729
Y11I,0.33641478419303894
Y11K,0.46350154280662537
Y11L,0.9064888954162598
Y11M,-0.9284892082214355
Y11N,-0.015647947788238525
Y11P,0.062158405780792236
Y11Q,-0.19853734970092773
Y11R,0.5186374187469482
Y11S,0.725493311882019
Y11T,0.10943931341171265
Y11V,0.2947179675102234
Y11W,-0.8966832160949707
P12A,-0.017291545867919922
P12C,-0.6733793020248413
P12D,-0.11772148311138153
P12E,-0.27497103810310364
P12F,0.24654114246368408
P12G,-0.17263323068618774
P12H,-0.4759241044521332
P12I,0.1703055202960968
P12K,0.11526224762201309
P12L,0.8813706636428833
P12M,-0.7439857721328735
P12N,-0.05020490288734436
P12Q,-0.3059442937374115
P12R,0.23993434011936188
P12S,0.5746555328369141
P12T,-0.016997814178466797
P12V,0.04023031145334244
P12W,-1.008554458618164
P12Y,3.0390052795410156
R13A,-0.7058097720146179
R13C,-0.999201238155365
R13D,-0.9180384278297424
R13E,-0.5645967125892639
R13F,-0.22364643216133118
R13G,-0.33000922203063965
R13H,-1.080169677734375
R13I,-0.26526716351509094
R13K,-0.14068008959293365
R13L,0.43269670009613037
R13M,-1.2842601537704468
R13N,-0.6397061347961426
R13P,2.4773807525634766
R13Q,-0.5030404925346375
R13S,0.007209286093711853
R13T,-0.6674382090568542
R13V,-0.45468956232070923
R13W,-1.240221619606018
R13Y,-0.5634620189666748
K14A,-0.5776479244232178
K14C,-1.5591074228286743
K14D,-0.8260790109634399
K14E,-0.05706265568733215
K14F,-0.664593517780304
K14G,-0.2552184462547302
K14H,-1.3933531045913696
K14I,-0.49277108907699585
K14L,0.2142346203327179
K14M,-1.2764604091644287
K14N,-0.8006539344787598
K14P,-0.8324139714241028
K14Q,-0.5754349231719971
K14R,3.175917625427246
K14S,-0.3318173885345459
K14T,-0.705106258392334
K14V,-0.3423583209514618
K14W,-1.4939631223678589
K14Y,-1.0538837909698486
L15A,-0.7842019200325012
L15C,-1.355842113494873
L15D,-1.1011273860931396
L15E,-0.9910148978233337
L15F,-0.5092610120773315
L15G,-0.7023302912712097
L15H,-1.2713663578033447
L15I,-0.4415358304977417
L15K,2.910358428955078
L15M,-1.3730124235153198
L15N,-0.6872358918190002
L15P,-0.9855511784553528
L15Q,-1.0375335216522217
L15R,-0.239990234375
L15S,-0.2385575771331787
L15T,-0.6569910049438477
L15V,-0.6320416331291199
L15W,-1.5706562995910645
L15Y,-0.8457337021827698
R16A,-0.7740082144737244
R16C,-1.5086395740509033
R16D,-1.0211644172668457
R16E,-0.47854670882225037
R16F,-0.8927644491195679
R16G,-0.38904476165771484
R16H,-1.554229736328125
R16I,-0.3480665683746338
R16K,0.1676921248435974
R16L,3.1982054710388184
R16M,-1.2835359573364258
R16N,-0.5759468674659729
R16P,-1.1048496961593628
R16Q,-0.9166514873504639
R16S,-0.27296650409698486
R16T,-0.5659229755401611
R16V,-0.5443056225776672
R16W,-1.5093772411346436
R16Y,-0.9907971024513245
