mutant,protssn_score
M1A,-7.021014160580105
M1C,-8.639418337080214
M1D,-8.124110804663765
M1E,-7.802821318308513
M1F,-8.225875536600748
M1G,-6.838683446248372
M1H,-8.656279298994276
M1I,-8.310099230872261
M1K,-7.926985952589247
M1L,-7.334723313649495
M1N,-7.790993849436442
M1P,-6.972502708435059
M1Q,-7.918766816457112
M1R,-7.438989003499349
M1S,-7.29893864525689
M1T,-6.969985591040717
M1V,-7.53138362036811
M1W,-8.718068440755209
M1Y,-8.465858724382189
R2A,-6.140575779808892
R2C,-7.682597107357449
R2D,-6.299003336164686
R2E,-5.369517167409261
R2F,-6.60397285885281
R2G,-7.44011116027832
R2H,-6.766736136542426
R2I,-5.863356802198622
R2K,-5.398648897806804
R2L,-6.063523928324382
R2M,-6.801283889346653
R2N,-6.408778667449951
R2P,-7.5676547686258955
R2Q,-6.031980567508274
R2S,-5.887973732418484
R2T,-5.585363705952962
R2V,-5.52428838941786
R2W,-7.490206665462917
R2Y,-6.966427644093831
W3A,-6.1346121364169655
W3C,-8.019364674886068
W3D,-6.5084303220113116
W3E,-5.7749959627787275
W3F,-6.3833262125651045
W3G,-7.54680601755778
W3H,-7.15214008755154
W3I,-5.774044884575738
W3K,-5.367140822940403
W3L,-5.596900833977593
W3M,-7.0538745456271705
W3N,-6.539033201005724
W3P,-5.27341874440511
W3Q,-6.123243490854899
W3R,-5.9616050190395775
W3S,-6.174663278791639
W3T,-6.228641933865017
W3V,-5.773305416107178
W3Y,-6.988981193966335
Q4A,-6.178065723843044
Q4C,-7.684747060139974
Q4D,-6.048348903656006
Q4E,-5.560676468743218
Q4F,-6.504036744435628
Q4G,-7.560090859731038
Q4H,-6.784161408742269
Q4I,-5.392516030205621
Q4K,-5.322290049658881
Q4L,-5.341588232252333
Q4M,-6.25995037290785
Q4N,-6.391609191894531
Q4P,-5.108561807208591
Q4R,-5.4363322257995605
Q4S,-6.018521255917019
Q4T,-5.895893043941921
Q4V,-5.364419831169976
Q4W,-7.143392562866211
Q4Y,-6.748057683308919
E5A,-5.874867015414768
E5C,-7.166885852813721
E5D,-5.7666575113932295
E5F,-6.090254571702745
E5G,-6.09577136569553
E5H,-5.999772283766005
E5I,-6.04091755549113
E5K,-5.134634388817681
E5L,-5.492083602481419
E5M,-6.542984379662408
E5N,-5.5677014456854925
E5P,-6.293719874487983
E5Q,-5.683097415500217
E5R,-5.002815299563938
E5S,-5.3519361813863116
E5T,-5.656857596503364
E5V,-5.899601883358425
E5W,-7.064092742072211
E5Y,-6.447135872311062
M6A,-5.95112329059177
M6C,-7.6781947877671985
M6D,-5.9309264289008246
M6E,-5.327453719245063
M6F,-6.219159709082709
M6G,-6.86236736509535
M6H,-6.387819290161133
M6I,-5.77446444829305
M6K,-5.493802494472927
M6L,-5.695085737440321
M6N,-5.776091522640652
M6P,-8.620952288309732
M6Q,-5.751900143093533
M6R,-5.303560098012288
M6S,-5.434816784328884
M6T,-5.677145004272461
M6V,-5.805274274614122
M6W,-7.449306858910455
M6Y,-6.637919108072917
G7A,-5.3784532017178
G7C,-6.7601757579379615
G7D,-5.241903887854682
G7E,-4.981539222929213
G7F,-5.810540305243598
G7H,-5.7232423888312445
G7I,-5.476667563120524
G7K,-4.344037983152601
G7L,-5.118707444932726
G7M,-6.649343543582493
G7N,-5.451213359832764
G7P,-6.082184685601129
G7Q,-5.372581693861219
G7R,-4.496906439463298
G7S,-4.795213937759399
G7T,-4.983084148830837
G7V,-5.244201474719578
G7W,-7.339332792494032
G7Y,-6.345262103610569
Y8A,-5.874139573838976
Y8C,-7.050940460628933
Y8D,-5.872161706288655
Y8E,-5.659225887722439
Y8F,-5.965678479936388
Y8G,-4.45741883913676
Y8H,-6.481276777055529
Y8I,-6.807991398705377
Y8K,-5.705833329094781
Y8L,-5.64508581161499
Y8M,-6.535803582933214
Y8N,-5.966188907623291
Y8P,-8.786700460645887
Y8Q,-6.347990247938368
Y8R,-5.641536341773139
Y8S,-5.293340312110053
Y8T,-6.004223240746392
Y8V,-6.526512357923719
Y8W,-7.287679831186931
I9A,-5.13008647494846
I9C,-5.788971159193251
I9D,-5.10532267888387
I9E,-4.968879699707031
I9F,-4.919947412278917
I9G,-3.9891496764289007
I9H,-5.557838122049968
I9K,-4.968357616000706
I9L,-4.782374011145698
I9M,-6.052939414978027
I9N,-5.093913767072889
I9P,-9.159787866804335
I9Q,-5.257586399714152
I9R,-4.571215947469075
I9S,-4.410738680097792
I9T,-5.158221191830105
I9V,-5.476776705847846
I9W,-6.344313515557183
I9Y,-5.217184808519152
F10A,-6.137513531578912
F10C,-7.304990397559272
F10D,-5.512627946005927
F10E,-5.761370870802137
F10G,-6.738081561194526
F10H,-6.571083598666721
F10I,-5.743406030866835
F10K,-5.570096651713054
F10L,-5.844374073876275
F10M,-6.983049657609728
F10N,-5.849734677208795
F10P,-5.392498917049831
F10Q,-6.364548948076036
F10R,-5.547580560048421
F10S,-5.455698702070448
F10T,-5.5802298121982155
F10V,-5.72055361005995
F10W,-7.136686484018962
F10Y,-6.4650923411051435
Y11A,-6.110308276282416
Y11C,-7.212127844492595
Y11D,-6.113211419847277
Y11E,-5.586974885728624
Y11F,-6.006024307674831
Y11G,-7.620923890007867
Y11H,-6.473976294199626
Y11I,-5.209708637661404
Y11K,-5.397883415222168
Y11L,-5.29339599609375
Y11M,-6.576779630449083
Y11N,-6.267151461707221
Y11P,-5.748136573367649
Y11Q,-5.810142093234592
Y11R,-5.6167617373996315
Y11S,-6.0476340187920465
Y11T,-5.459160486857097
Y11V,-5.020500236087376
Y11W,-7.524856991238064
P12A,-8.343129634857178
P12C,-9.752981821695963
P12D,-8.823218504587809
P12E,-8.080057091183132
P12F,-8.6945251888699
P12G,-9.63075409995185
P12H,-9.500151740180122
P12I,-8.29893551932441
P12K,-7.825376245710585
P12L,-7.647690508100721
P12M,-9.114960352579752
P12N,-8.985075420803494
P12Q,-8.462465869055855
P12R,-7.921722835964626
P12S,-8.211220900217691
P12T,-8.640467431810167
P12V,-8.261339293585884
P12W,-9.686684502495659
P12Y,-9.158459345499674
R13A,-6.747336228688558
R13C,-7.996391561296251
R13D,-6.867411878373888
R13E,-5.8333180745442705
R13F,-6.841653505961101
R13G,-8.587627675798204
R13H,-7.412865320841472
R13I,-5.7236708005269366
R13K,-5.621769799126519
R13L,-5.687553776635064
R13M,-6.939300749037001
R13N,-6.871340433756511
R13P,-6.654887464311388
R13Q,-6.14087888929579
R13S,-6.590599377950032
R13T,-6.148887581295437
R13V,-5.5323058234320746
R13W,-7.439107788933648
R13Y,-7.093380716111925
K14A,-6.0215128262837725
K14C,-7.643202834659153
K14D,-6.078179412417942
K14E,-5.483697679307726
K14F,-6.585872385236952
K14G,-7.641174899207221
K14H,-7.154083093007405
K14I,-6.045245170593262
K14L,-5.750942389170329
K14M,-7.20983166164822
K14N,-6.357108222113715
K14P,-4.414702230029636
K14Q,-6.317382176717122
K14R,-5.718507713741726
K14S,-5.8999857902526855
K14T,-5.96818028555976
K14V,-5.752875963846843
K14W,-7.470314449734158
K14Y,-6.775873767005073
L15A,-5.848864237467448
L15C,-7.223418394724528
L15D,-6.201586882273356
L15E,-5.264786455366346
L15F,-5.886257383558485
L15G,-7.243881066640218
L15H,-6.510814825693767
L15I,-5.206615183088514
L15K,-4.890269968244764
L15M,-6.239039844936794
L15N,-6.229315598805745
L15P,-5.709566805097792
L15Q,-5.647224479251438
L15R,-4.75907834370931
L15S,-5.574223465389675
L15T,-5.434111489189996
L15V,-4.997195296817356
L15W,-6.607961495717366
L15Y,-6.059135331047906
R16A,-6.173998620775011
R16C,-8.160687234666613
R16D,-5.998018105824788
R16E,-5.70218473010593
R16F,-6.989641242557102
R16G,-6.823671658833821
R16H,-7.179346985287136
R16I,-6.6301069259643555
R16K,-5.417719841003418
R16L,-6.2122782071431475
R16M,-7.298252370622423
R16N,-6.171618302663167
R16P,-5.3059013684590655
R16Q,-6.24151955710517
R16S,-6.000183847215441
R16T,-6.07349427541097
R16V,-6.172084914313422
R16W,-8.300213972727457
R16Y,-7.279764546288384
