mutant,esm1b_score
W3L,-1.6000852584838867
W3K,-1.756900429725647
W3S,-1.9557857513427734
W3R,-2.0166969299316406
M6L,-2.0232269763946533
W3I,-2.049091100692749
Y11L,-2.096137523651123
M6K,-2.229243278503418
P12L,-2.231703996658325
Y8L,-2.2356345653533936
W3V,-2.2381865978240967
W3N,-2.24086332321167
M6S,-2.2903337478637695
W3E,-2.3115594387054443
W3T,-2.3133413791656494
M6R,-2.3416531085968018
Y8R,-2.3593523502349854
W3G,-2.361786365509033
W3Q,-2.3856875896453857
Y8S,-2.3896989822387695
W3A,-2.411407470703125
Y11S,-2.4217007160186768
W3F,-2.431907892227173
Y8K,-2.442103624343872
M6I,-2.4453678131103516
Q4L,-2.487687110900879
P12R,-2.4955272674560547
M6V,-2.4975481033325195
P12S,-2.502898931503296
M6G,-2.5297813415527344
M6T,-2.545292377471924
M6N,-2.553206205368042
P12K,-2.5740890502929688
M6E,-2.586077928543091
Y8G,-2.618276596069336
W3P,-2.643742561340332
M6A,-2.649109125137329
Q4R,-2.6899263858795166
Q4K,-2.6916449069976807
Y8V,-2.711892604827881
Y11F,-2.738722801208496
P12G,-2.7390635013580322
Y8E,-2.748281717300415
W3Y,-2.7540879249572754
Y8I,-2.755592107772827
M6F,-2.7559423446655273
E5L,-2.7648885250091553
F10L,-2.786992073059082
R16L,-2.7907211780548096
P12I,-2.7917330265045166
Y11I,-2.7942538261413574
R2L,-2.8121414184570312
Y8T,-2.813400983810425
Y11V,-2.817709445953369
Y11R,-2.8298330307006836
G7L,-2.841036081314087
M6Q,-2.842007637023926
R13L,-2.8442392349243164
Y8A,-2.8565115928649902
Y8N,-2.8788132667541504
W3H,-2.8791706562042236
P12V,-2.882429599761963
F10S,-2.8835952281951904
K14L,-2.8924176692962646
W3D,-2.9050395488739014
W3M,-2.9073524475097656
Y11K,-2.913017749786377
I9L,-2.9152579307556152
P12F,-2.929365396499634
P12T,-2.9337387084960938
Y11T,-2.9399216175079346
R2S,-2.9498555660247803
M6Y,-2.9571292400360107
E5R,-2.958179473876953
E5K,-2.974709987640381
Q4S,-2.9871692657470703
M6D,-2.9904227256774902
P12Q,-2.995330572128296
Y11P,-2.9993510246276855
P12E,-3.0058724880218506
Y8Q,-3.0071330070495605
F10R,-3.0157852172851562
Y11Q,-3.023233652114868
Y8F,-3.0235190391540527
W3C,-3.0318737030029297
R2K,-3.0325496196746826
Q4I,-3.034604072570801
R16S,-3.046618938446045
M6P,-3.0466623306274414
Y11G,-3.0833380222320557
R2I,-3.0838558673858643
G7K,-3.0962424278259277
I9S,-3.110102415084839
E5S,-3.1131844520568848
K14S,-3.114811420440674
Y11A,-3.12617564201355
Q4G,-3.134309768676758
M6H,-3.1452813148498535
R13S,-3.146121025085449
P12N,-3.1462385654449463
L15K,-3.156442880630493
L15R,-3.1614794731140137
Q4V,-3.165715217590332
Q4E,-3.170417070388794
R2V,-3.1760475635528564
Y11N,-3.1804394721984863
G7S,-3.180807113647461
P12A,-3.1823041439056396
G7I,-3.1830220222473145
K14R,-3.1989245414733887
G7R,-3.200730323791504
E5I,-3.2114572525024414
R16K,-3.2260689735412598
P12Y,-3.228443145751953
F10G,-3.229090929031372
R16I,-3.23931884765625
R13K,-3.24185848236084
Y8D,-3.2485556602478027
Y8P,-3.2525794506073
Q4T,-3.2548155784606934
E5V,-3.2745728492736816
I9R,-3.282891035079956
I9G,-3.2904629707336426
R2A,-3.3002634048461914
F10I,-3.30965256690979
G7V,-3.3103673458099365
E5G,-3.3185036182403564
F10P,-3.3186442852020264
Q4N,-3.326934576034546
M6C,-3.3306288719177246
Y11H,-3.3306703567504883
F10K,-3.3334953784942627
R2T,-3.3471269607543945
R2G,-3.3582472801208496
Y11E,-3.358386993408203
Y8M,-3.3613734245300293
K14I,-3.364490509033203
L15S,-3.3677234649658203
R16V,-3.3724265098571777
I9F,-3.3779454231262207
Y11C,-3.3940136432647705
E5T,-3.395603656768799
E5Q,-3.39937424659729
Q4A,-3.4006333351135254
R2E,-3.4026408195495605
Y8C,-3.4040870666503906
P12C,-3.4159367084503174
F10T,-3.4180264472961426
F10V,-3.4344916343688965
I9V,-3.4365687370300293
E5A,-3.4594099521636963
R16G,-3.4595136642456055
Y11D,-3.459596633911133
R2N,-3.461754322052002
Q4M,-3.4631693363189697
R2F,-3.4640541076660156
K14F,-3.469101667404175
R13V,-3.4747133255004883
E5N,-3.474888324737549
R16F,-3.476248264312744
G7E,-3.481125593185425
P12M,-3.4894044399261475
Y8H,-3.490147590637207
R13E,-3.4923954010009766
P12D,-3.494516372680664
R13I,-3.5028648376464844
G7N,-3.5169453620910645
Y8W,-3.538961887359619
G7F,-3.541027784347534
F10Q,-3.541079044342041
R16T,-3.5411479473114014
Q4P,-3.541710615158081
L15G,-3.547009229660034
P12H,-3.5497679710388184
P12W,-3.5592575073242188
F10A,-3.56982421875
R16N,-3.571864128112793
L15I,-3.577125310897827
R2Q,-3.5849757194519043
K14V,-3.5850329399108887
Q4F,-3.592465400695801
R13Q,-3.5954837799072266
R13T,-3.597259521484375
G7A,-3.5989325046539307
G7Q,-3.601332426071167
G7T,-3.6029067039489746
Y11M,-3.603616237640381
K14N,-3.6070687770843506
L15T,-3.610905647277832
R16A,-3.6154205799102783
R13F,-3.624932289123535
K14T,-3.6327452659606934
K14G,-3.641082763671875
R13G,-3.642665386199951
I9T,-3.653719186782837
R16Q,-3.655857801437378
R2D,-3.6606695652008057
I9A,-3.6663143634796143
L15E,-3.6692395210266113
E5P,-3.677518606185913
L15N,-3.68037486076355
F10E,-3.681325912475586
R16E,-3.6956188678741455
Q4D,-3.6984004974365234
R16P,-3.709406852722168
E5F,-3.71858549118042
I9P,-3.7238025665283203
L15V,-3.735210418701172
R2P,-3.744184732437134
F10N,-3.7489278316497803
R13P,-3.7656145095825195
F10Y,-3.768549919128418
I9K,-3.787808656692505
G7D,-3.7928311824798584
R13A,-3.805720567703247
R13N,-3.808185577392578
Q4Y,-3.809664726257324
Y11W,-3.81768536567688
K14A,-3.82045841217041
F10C,-3.823678731918335
R2Y,-3.8250815868377686
G7P,-3.840740203857422
F10H,-3.850806713104248
L15A,-3.8530325889587402
R16Y,-3.863020896911621
E5M,-3.8634915351867676
K14Y,-3.874074935913086
L15Q,-3.8797192573547363
K14P,-3.8800055980682373
K14Q,-3.882568597793579
M6W,-3.882582902908325
I9Y,-3.8984153270721436
K14E,-3.9025168418884277
I9N,-3.904751777648926
E5Y,-3.911151885986328
Q4W,-3.913609027862549
R2H,-3.9292008876800537
I9C,-3.9332175254821777
R16H,-3.938371181488037
R13Y,-3.959554672241211
K14C,-3.974015474319458
I9Q,-3.9804725646972656
G7Y,-3.9839377403259277
E5D,-3.9844183921813965
E5H,-4.0030837059021
I9D,-4.012638092041016
Q4H,-4.013636589050293
F10D,-4.018453598022461
R16D,-4.023995399475098
K14H,-4.02427864074707
Q4C,-4.027629852294922
G7H,-4.047474384307861
R16C,-4.049289226531982
I9E,-4.0497870445251465
I9H,-4.049877643585205
E5C,-4.061881065368652
K14D,-4.101862907409668
E5W,-4.115119934082031
L15Y,-4.125490665435791
R2C,-4.1337890625
L15P,-4.135573387145996
R2M,-4.136810779571533
G7M,-4.155666351318359
R13D,-4.165236473083496
R13H,-4.181156158447266
L15F,-4.189561367034912
G7C,-4.206618785858154
R13C,-4.208073616027832
R13M,-4.2111430168151855
L15D,-4.2183332443237305
R16M,-4.234179973602295
F10W,-4.27486515045166
K14M,-4.280220031738281
K14W,-4.281914234161377
L15H,-4.297562122344971
R13W,-4.301935195922852
L15M,-4.332608222961426
L15C,-4.391446590423584
F10M,-4.417206764221191
I9M,-4.511352062225342
L15W,-4.54777193069458
I9W,-4.556960105895996
R2W,-4.572047233581543
G7W,-4.591932773590088
R16W,-4.643248558044434
M1L,-4.865780830383301
M1R,-5.259819030761719
M1G,-5.4508843421936035
M1V,-5.511918067932129
M1S,-5.572176456451416
M1K,-5.650388240814209
M1I,-5.733389377593994
M1E,-5.744277000427246
M1A,-5.830025672912598
M1T,-6.008464336395264
M1Q,-6.0693359375
M1F,-6.181339740753174
M1N,-6.2110395431518555
M1P,-6.239972114562988
M1D,-6.256993293762207
M1Y,-6.294715881347656
M1C,-6.423409461975098
M1H,-6.481244087219238
M1W,-6.6531500816345215
