mutant,venusplm_score
W3L,-1.0791661739349365
P12L,-1.6076111793518066
M6L,-1.7375677824020386
W3I,-1.7759523391723633
Q4L,-1.8221454620361328
W3R,-1.8270678520202637
E5L,-1.8499479293823242
W3K,-1.862109661102295
M6K,-1.871951937675476
K14L,-1.8911714553833008
Y11L,-1.928153157234192
M6R,-1.9656060934066772
W3S,-2.0175657272338867
Q4R,-2.021467685699463
M6S,-2.0536670684814453
E5R,-2.0573692321777344
P12I,-2.077773094177246
E5K,-2.090244770050049
Y8L,-2.095820665359497
W3F,-2.1034467220306396
M6G,-2.1181435585021973
M6I,-2.127321720123291
E5I,-2.146272659301758
Q4K,-2.1498184204101562
M6N,-2.1582837104797363
P12R,-2.1814041137695312
W3A,-2.1836471557617188
W3V,-2.1964166164398193
Q4I,-2.2091495990753174
W3Y,-2.2352986335754395
P12S,-2.2433042526245117
P12F,-2.2545056343078613
G7L,-2.2634246349334717
M6E,-2.270111083984375
R13L,-2.2860324382781982
R16L,-2.29335880279541
W3N,-2.3013272285461426
M6A,-2.3116860389709473
K14I,-2.3192050457000732
W3E,-2.328094005584717
Y8R,-2.329296588897705
P12K,-2.3400168418884277
W3G,-2.348684549331665
M6V,-2.3496813774108887
E5S,-2.3640451431274414
R2L,-2.3767330646514893
M6T,-2.378661632537842
W3T,-2.397468090057373
K14R,-2.4075207710266113
E5V,-2.408613681793213
M6F,-2.417059898376465
E5G,-2.425523042678833
Y11S,-2.430894374847412
P12G,-2.431236982345581
K14F,-2.455893039703369
W3Q,-2.460249185562134
Y8K,-2.4605793952941895
Q4V,-2.4664225578308105
Y11I,-2.474557399749756
Q4S,-2.476253032684326
K14S,-2.4870779514312744
M6Y,-2.498619556427002
Y8G,-2.5012359619140625
M6D,-2.501950740814209
I9L,-2.507019519805908
F10L,-2.5182275772094727
R2I,-2.520280361175537
P12V,-2.5302863121032715
Q4E,-2.5328619480133057
Q4G,-2.5343167781829834
P12Y,-2.5358309745788574
E5F,-2.54536509513855
E5A,-2.547758102416992
W3M,-2.547957420349121
Y8I,-2.551184892654419
Y8S,-2.578550100326538
G7I,-2.5831210613250732
M6Q,-2.6007566452026367
E5T,-2.6141490936279297
Y8V,-2.6328506469726562
W3C,-2.635723829269409
Q4F,-2.6508026123046875
Y11F,-2.662503719329834
P12T,-2.67146897315979
Q4A,-2.676154136657715
Y8F,-2.6805429458618164
K14V,-2.6845755577087402
R13K,-2.6869711875915527
G7K,-2.6903107166290283
K14Y,-2.6950035095214844
W3D,-2.6959633827209473
E5N,-2.702670097351074
Y11R,-2.707460880279541
W3P,-2.7136313915252686
Y8E,-2.7350456714630127
P12N,-2.745897054672241
R16I,-2.748917818069458
G7R,-2.7529115676879883
R2K,-2.7575416564941406
M6C,-2.763298988342285
E5Y,-2.7661194801330566
Q4T,-2.770826816558838
R2S,-2.7768375873565674
Y11V,-2.7873663902282715
P12E,-2.7962758541107178
E5Q,-2.803205728530884
P12Q,-2.8033270835876465
Q4N,-2.804891347885132
R13I,-2.813361167907715
R2V,-2.8171348571777344
K14G,-2.817807912826538
G7V,-2.828457832336426
Q4Y,-2.8313748836517334
R16F,-2.845000743865967
G7F,-2.8462231159210205
R2F,-2.8544437885284424
R16K,-2.858833074569702
K14T,-2.8622567653656006
Y11T,-2.864945411682129
Y8A,-2.8655898571014404
R16S,-2.8725523948669434
K14N,-2.873952627182007
R13S,-2.8741743564605713
P12A,-2.8742823600769043
Y11K,-2.874807834625244
I9S,-2.8783864974975586
R13E,-2.878830909729004
I9R,-2.8882970809936523
Q4M,-2.8983218669891357
G7S,-2.900179624557495
I9F,-2.9054207801818848
L15R,-2.908094644546509
Y11P,-2.932122230529785
Q4D,-2.944884777069092
Y8T,-2.9505844116210938
F10I,-2.951577663421631
W3H,-2.9614877700805664
E5M,-2.9628536701202393
R13V,-2.965958595275879
L15K,-2.9665141105651855
K14A,-2.967127561569214
M6P,-2.9707093238830566
R2N,-2.9726545810699463
F10S,-2.9766411781311035
R2T,-2.997363328933716
R2A,-3.0026214122772217
P12C,-3.0052525997161865
F10R,-3.009097099304199
R2G,-3.047959327697754
E5C,-3.055791139602661
M6H,-3.0562944412231445
E5D,-3.061673164367676
Y11N,-3.0740461349487305
R13G,-3.0744810104370117
R16V,-3.080265998840332
Y8Q,-3.0963706970214844
Y11D,-3.0978269577026367
Y8N,-3.0986835956573486
K14C,-3.102248430252075
K14E,-3.122292995452881
P12D,-3.1303486824035645
P12M,-3.132059097290039
Y11A,-3.1322708129882812
G7A,-3.132944107055664
K14P,-3.140944242477417
Y8D,-3.1410019397735596
P12W,-3.149263381958008
E5P,-3.152170181274414
G7N,-3.162310838699341
R2E,-3.1661736965179443
R13F,-3.166374444961548
F10P,-3.168826103210449
I9G,-3.172593593597412
F10V,-3.1731042861938477
I9Y,-3.180443286895752
I9V,-3.1846275329589844
Y11Q,-3.1878304481506348
Q4C,-3.195786237716675
K14Q,-3.197840690612793
Q4P,-3.2040131092071533
K14H,-3.2087619304656982
R2D,-3.2121737003326416
G7E,-3.215390205383301
G7T,-3.217385768890381
R13T,-3.2180635929107666
P12H,-3.220262050628662
Q4W,-3.2250983715057373
E5W,-3.2462406158447266
G7Y,-3.257045269012451
Y8C,-3.2595374584198
Y11G,-3.2719597816467285
R16G,-3.273648262023926
K14D,-3.27593994140625
F10G,-3.2809691429138184
Y11E,-3.2914719581604004
F10Y,-3.2940292358398438
R13Q,-3.2947497367858887
R16Y,-3.296238422393799
F10K,-3.303226947784424
E5H,-3.304633140563965
L15I,-3.3067495822906494
R2Y,-3.3069839477539062
I9P,-3.3090033531188965
Y8M,-3.3154313564300537
K14M,-3.316652774810791
R13Y,-3.335716724395752
G7D,-3.3458170890808105
R13A,-3.3489317893981934
L15S,-3.3558387756347656
R16N,-3.356010675430298
I9T,-3.357003688812256
G7P,-3.3669333457946777
L15G,-3.3738596439361572
Y8W,-3.3738667964935303
Y11H,-3.380589008331299
Y11C,-3.383070945739746
R16A,-3.3915882110595703
R16T,-3.3972268104553223
R13N,-3.4025497436523438
M6W,-3.4039177894592285
Q4H,-3.4106009006500244
F10T,-3.427670478820801
K14W,-3.4394989013671875
R13D,-3.4594550132751465
G7Q,-3.4620025157928467
R13P,-3.4669389724731445
I9K,-3.469247817993164
I9A,-3.48893404006958
I9D,-3.4961180686950684
R16P,-3.4973208904266357
R16E,-3.5090672969818115
F10A,-3.5124216079711914
R2Q,-3.5177371501922607
R16Q,-3.524794340133667
Y11M,-3.53240966796875
Y8H,-3.572559118270874
Y8P,-3.586381196975708
L15T,-3.610260248184204
F10E,-3.611861228942871
L15N,-3.6135833263397217
L15E,-3.614514112472534
L15V,-3.6199042797088623
I9N,-3.633455753326416
G7C,-3.6368682384490967
R2P,-3.6465070247650146
R13M,-3.6479086875915527
L15Y,-3.6521337032318115
F10D,-3.6551356315612793
F10N,-3.6634793281555176
I9C,-3.664229393005371
G7M,-3.693028211593628
R16C,-3.693633794784546
I9E,-3.7221431732177734
L15A,-3.7415082454681396
G7H,-3.757190465927124
R2C,-3.7853105068206787
F10Q,-3.788834571838379
R16D,-3.7983109951019287
Y11W,-3.8122448921203613
R16H,-3.820652723312378
I9H,-3.833259105682373
R2H,-3.8342416286468506
I9Q,-3.8348660469055176
R16M,-3.8635151386260986
L15Q,-3.871344804763794
F10H,-3.871384620666504
R2M,-3.8837525844573975
L15F,-3.885725259780884
R13C,-3.8950047492980957
F10C,-3.9089431762695312
R13H,-3.950779914855957
R16W,-4.018886566162109
R13W,-4.032932281494141
L15M,-4.073446273803711
L15P,-4.088191032409668
L15D,-4.113245487213135
L15C,-4.135137557983398
G7W,-4.161907196044922
I9W,-4.1675896644592285
R2W,-4.190889358520508
F10W,-4.197030067443848
L15W,-4.287221908569336
F10M,-4.298562049865723
L15H,-4.312851905822754
I9M,-4.3215837478637695
M1L,-6.881145000457764
M1R,-7.120059013366699
M1K,-7.191895008087158
M1E,-7.258757591247559
M1S,-7.35284423828125
M1V,-7.407832145690918
M1I,-7.515072822570801
M1G,-7.551659107208252
M1A,-7.562802314758301
M1Q,-7.570515155792236
M1T,-7.751708507537842
M1Y,-7.775454044342041
M1F,-7.792916297912598
M1D,-7.851548671722412
M1N,-7.918132781982422
M1P,-7.91964054107666
M1C,-7.949699878692627
M1H,-8.175731658935547
M1W,-8.331267356872559
